date,pollution,dew,temp,press,wnd_dir,wnd_spd,snow,rain
2010/1/2 0:00,129,-16,-4,1020,SE,1.79,0,0
2010/1/2 8:00,120,-8,-6,1024,SE,12.51,0,0
2010/1/2 16:00,159,-9,-5,1026,SE,37.54,0,0
2010/1/3 0:00,90,-7,-6,1027,SE,58.56,4,0
2010/1/3 8:00,82,-10,-9,1024,SE,89.84,12,0
2010/1/3 16:00,86,-11,-9,1020,SE,124.71,22,0
2010/1/4 0:00,79,-14,-12,1023,NW,16.09,0,0
2010/1/4 8:00,26,-22,-13,1028,NW,80.9,0,0
2010/1/4 16:00,30,-21,-9,1031,NW,152.41,0,0
2010/1/5 0:00,30,-26,-17,1035,NW,201.58,0,0
2010/1/5 8:00,27,-26,-16,1035,NE,18.78,0,0
2010/1/5 16:00,50,-24,-11,1031,NW,3.58,0,0
2010/1/6 0:00,56,-25,-17,1033,NW,26.83,0,0
2010/1/6 8:00,20,-26,-14,1034,NE,39.33,0,0
2010/1/6 16:00,52,-22,-8,1033,NW,1.79,0,0
2010/1/7 0:00,127,-21,-16,1035,NW,8.95,0,0
2010/1/7 8:00,24,-24,-14,1036,NW,4.02,0,0
2010/1/7 16:00,57,-18,-8,1032,NW,26.38,0,0
2010/1/8 0:00,210,-21,-17,1031,NW,1.79,0,0
2010/1/8 8:00,66,-16,-12,1029,SE,0.89,0,0
2010/1/8 16:00,250,-16,-8,1025,cv,2.67,0,0
2010/1/9 0:00,165,-17,-13,1027,cv,0.89,0,0
2010/1/9 8:00,93,-18,-14,1028,NW,25.92,0,0
2010/1/9 16:00,41,-15,-4,1029,NE,38.89,0,0
2010/1/10 0:00,75,-15,-11,1033,NW,0.89,0,0
2010/1/10 8:00,27,-19,-14,1034,NW,22.35,0,0
2010/1/10 16:00,71,-14,-5,1031,NW,16.1,0,0
2010/1/11 0:00,23,-17,-6,1035,NW,60.36,0,0
2010/1/11 8:00,20,-22,-9,1036,NW,13.86,0,0
2010/1/11 16:00,13,-20,-5,1032,NW,71.97,0,0
2010/1/12 0:00,21,-22,-15,1031,cv,1.78,0,0
2010/1/12 8:00,16,-26,-14,1030,NW,16.98,0,0
2010/1/12 16:00,19,-23,-11,1030,NW,101.01,0,0
2010/1/13 0:00,15,-24,-12,1034,NW,169.86,0,0
2010/1/13 8:00,28,-25,-12,1032,NW,243.18,0,0
2010/1/13 16:00,47,-21,-5,1028,NW,299.06,0,0
2010/1/14 0:00,75,-18,-14,1026,NE,1.78,0,0
2010/1/14 8:00,87,-19,-15,1024,NW,15.64,0,0
2010/1/14 16:00,72,-16,-4,1023,cv,0.89,0,0
2010/1/15 0:00,36,-19,-7,1034,NE,13.86,0,0
2010/1/15 8:00,27,-19,-8,1038,NE,22.79,0,0
2010/1/15 16:00,37,-17,-2,1037,cv,2.23,0,0
2010/1/16 0:00,141,-15,-11,1036,cv,2.67,0,0
2010/1/16 8:00,102,-15,-11,1034,NW,6.26,0,0
2010/1/16 16:00,148,-11,-3,1030,cv,3.56,0,0
2010/1/17 0:00,263,-15,-12,1032,NW,5.81,0,0
2010/1/17 8:00,183,-13,-10,1030,NW,14.76,0,0
2010/1/17 16:00,177,-10,-1,1026,SE,0.89,0,0
2010/1/18 0:00,282,-12,-10,1028,cv,0.89,0,0
2010/1/18 8:00,147,-14,-11,1028,NW,5.81,0,0
2010/1/18 16:00,188,-8,1,1025,SE,0.89,0,0
2010/1/19 0:00,358,-4,-1,1025,NW,1.79,0,0
2010/1/19 8:00,297,-4,0,1021,cv,0.89,0,0
2010/1/19 16:00,336,-3,2,1018,cv,1.34,0,0
2010/1/20 0:00,364,-2,0,1021,NW,14.76,0,0
2010/1/20 8:00,44,-10,0,1028,NW,48.74,0,0
2010/1/20 16:00,28,-14,-1,1033,NW,5.81,0,0
2010/1/21 0:00,18,-20,-6,1038,NW,75.53,0,0
2010/1/21 8:00,18,-25,-8,1039,NW,147.04,0,0
2010/1/21 16:00,15,-21,-2,1033,NW,4.92,0,0
2010/1/22 0:00,35,-18,-6,1036,NW,7.6,0,0
2010/1/22 8:00,19,-19,-7,1036,NW,63.92,0,0
2010/1/22 16:00,30,-18,-2,1032,NW,133.64,0,0
2010/1/23 0:00,49,-17,-4,1033,NW,172.08,0,0
2010/1/23 8:00,24,-18,-6,1031,NW,25.93,0,0
2010/1/23 16:00,22,-19,3,1024,NW,86.3,0,0
2010/1/24 0:00,0,-15,-2,1022,NW,6.71,0,0
2010/1/24 8:00,0,-16,-13,1019,NE,1.79,0,0
2010/1/24 16:00,0,-20,5,1018,NW,40.67,0,0
2010/1/25 0:00,0,-25,-5,1031,NW,141.25,0,0
2010/1/25 8:00,0,-21,-6,1035,NW,201.59,0,0
2010/1/25 16:00,0,-24,2,1031,NW,257.47,0,0
2010/1/26 0:00,0,-16,-9,1030,cv,0.89,0,0
2010/1/26 8:00,0,-18,-13,1028,NE,1.79,0,0
2010/1/26 16:00,144,-17,1,1021,SE,4.92,0,0
2010/1/27 0:00,299,-11,-4,1019,NW,3.58,0,0
2010/1/27 8:00,147,-11,-3,1015,NE,3.13,0,0
2010/1/27 16:00,41,-14,7,1014,NW,32.2,0,0
2010/1/28 0:00,20,-13,-1,1023,NW,76.9,0,0
2010/1/28 8:00,18,-16,-3,1027,NW,12.97,0,0
2010/1/28 16:00,21,-24,1,1026,NW,82.24,0,0
2010/1/29 0:00,19,-22,-1,1027,NW,12.07,0,0
2010/1/29 8:00,16,-21,-1,1025,NW,9.83,0,0
2010/1/29 16:00,36,-23,6,1020,NW,72.42,0,0
2010/1/30 0:00,61,-18,0,1020,NW,109.96,0,0
2010/1/30 8:00,29,-15,-6,1021,cv,0.89,0,0
2010/1/30 16:00,32,-23,7,1017,NW,52.73,0,0
2010/1/31 0:00,85,-18,1,1021,NW,87.59,0,0
2010/1/31 8:00,22,-17,0,1025,NW,116.64,0,0
2010/1/31 16:00,19,-18,5,1024,SE,1.79,0,0
2010/2/1 0:00,65,-8,-3,1027,SE,15.65,0,0
2010/2/1 8:00,64,-10,-6,1028,NE,0.89,0,0
2010/2/1 16:00,49,-12,0,1026,SE,19.67,0,0
2010/2/2 0:00,62,-10,-7,1028,SE,42.92,0,0
2010/2/2 8:00,85,-10,-7,1029,NW,1.79,0,0
2010/2/2 16:00,35,-22,1,1027,cv,3.57,0,0
2010/2/3 0:00,69,-20,-8,1030,NW,8.05,0,0
2010/2/3 8:00,161,-18,-11,1030,cv,1.34,0,0
2010/2/3 16:00,23,-22,2,1026,NW,46.93,0,0
2010/2/4 0:00,103,-21,-7,1028,NW,1.79,0,0
2010/2/4 8:00,27,-17,-10,1028,NW,8.04,0,0
2010/2/4 16:00,64,-23,1,1024,NE,6.71,0,0
2010/2/5 0:00,48,-19,-4,1027,NE,4.92,0,0
2010/2/5 8:00,126,-19,-6,1030,NE,3.13,0,0
2010/2/5 16:00,71,-12,-1,1029,SE,3.58,0,0
2010/2/6 0:00,51,-11,-7,1033,SE,15.2,0,0
2010/2/6 8:00,64,-13,-7,1033,cv,0.89,0,0
2010/2/6 16:00,77,-12,-2,1028,SE,25.48,0,0
2010/2/7 0:00,64,-6,-5,1027,SE,46.94,6,0
2010/2/7 8:00,90,-6,-5,1024,NE,1.79,0,0
2010/2/7 16:00,141,-6,-2,1020,SE,3.58,0,0
2010/2/8 0:00,178,-6,-4,1021,cv,0.89,0,0
2010/2/8 8:00,136,-6,-4,1019,NW,8.05,0,0
2010/2/8 16:00,140,-4,4,1017,SE,4.92,0,0
2010/2/9 0:00,247,-5,-3,1021,NW,1.79,0,0
2010/2/9 8:00,193,-4,-3,1024,cv,2.23,0,0
2010/2/9 16:00,49,-12,4,1023,cv,0.89,0,0
2010/2/10 0:00,16,-20,0,1028,NE,16.09,0,0
2010/2/10 8:00,9,-23,-4,1032,NE,58.56,0,0
2010/2/10 16:00,12,-22,0,1030,NE,17.43,0,0
2010/2/11 0:00,11,-22,-3,1035,NE,67.04,0,0
2010/2/11 8:00,9,-22,-5,1037,NW,14.75,0,0
2010/2/11 16:00,18,-23,-2,1035,NW,4.02,0,0
2010/2/12 0:00,17,-22,-5,1038,NE,9.83,0,0
2010/2/12 8:00,14,-21,-9,1038,NW,17.43,0,0
2010/2/12 16:00,13,-23,-1,1032,NE,1.79,0,0
2010/2/13 0:00,108,-18,-8,1031,NW,3.13,0,0
2010/2/13 8:00,24,-17,-10,1031,NW,24.15,0,0
2010/2/13 16:00,51,-20,3,1026,SE,7.15,0,0
2010/2/14 0:00,351,-13,-7,1028,NE,0.89,0,0
2010/2/14 8:00,7,-20,-3,1033,NW,8.94,0,0
2010/2/14 16:00,15,-24,-2,1032,NE,17.88,0,0
2010/2/15 0:00,45,-21,-7,1036,NE,4.02,0,0
2010/2/15 8:00,16,-21,-9,1037,NW,7.15,0,0
2010/2/15 16:00,15,-26,0,1032,cv,2.68,0,0
2010/2/16 0:00,146,-17,-11,1034,NW,4.92,0,0
2010/2/16 8:00,26,-18,-11,1033,NW,9.83,0,0
2010/2/16 16:00,118,-15,3,1027,SE,12.06,0,0
2010/2/17 0:00,207,-13,-6,1025,cv,0.89,0,0
2010/2/17 8:00,13,-19,-3,1027,NW,42.46,0,0
2010/2/17 16:00,12,-27,1,1026,NW,130.09,0,0
2010/2/18 0:00,50,-19,-6,1027,cv,0.45,0,0
2010/2/18 8:00,87,-17,-8,1026,cv,1.78,0,0
2010/2/18 16:00,27,-21,4,1021,SE,5.81,0,0
2010/2/19 0:00,159,-15,-5,1020,cv,1.78,0,0
2010/2/19 8:00,114,-13,-6,1018,NE,0.89,0,0
2010/2/19 16:00,40,-18,10,1014,cv,3.13,0,0
2010/2/20 0:00,205,-12,-4,1015,cv,4.45,0,0
2010/2/20 8:00,152,-11,-6,1014,cv,0.89,0,0
2010/2/20 16:00,150,-8,9,1011,cv,0.89,0,0
2010/2/21 0:00,261,-7,-2,1011,cv,2.23,0,0
2010/2/21 8:00,191,-6,-1,1013,NW,12.52,0,0
2010/2/21 16:00,30,-15,14,1012,NW,51.86,0,0
2010/2/22 0:00,154,-6,-1,1020,cv,0.89,0,0
2010/2/22 8:00,99,-7,-2,1022,SE,15.21,0,0
2010/2/22 16:00,84,-10,4,1016,SE,45.6,0,0
2010/2/23 0:00,90,-7,-4,1013,NE,0.89,0,0
2010/2/23 8:00,134,-6,-4,1010,cv,0.89,0,0
2010/2/23 16:00,191,-6,7,1003,SE,1.79,0,0
2010/2/24 0:00,283,-6,-1,1003,NW,1.79,0,0
2010/2/24 8:00,262,-5,0,1004,NW,12.97,0,0
2010/2/24 16:00,292,-1,11,1003,cv,1.78,0,0
2010/2/25 0:00,164,2,4,1010,cv,1.78,0,0
2010/2/25 8:00,253,-1,0,1016,SE,1.79,0,0
2010/2/25 16:00,165,-1,6,1016,SE,35.32,0,0
2010/2/26 0:00,52,-7,1,1020,SE,66.61,0,0
2010/2/26 8:00,58,-6,0,1022,SE,81.37,0,0
2010/2/26 16:00,79,-7,4,1020,SE,12.06,0,0
2010/2/27 0:00,38,-11,-1,1021,SE,33.05,0,0
2010/2/27 8:00,52,-5,-4,1021,cv,0.89,4,0
2010/2/27 16:00,101,-5,0,1017,SE,9.84,0,0
2010/2/28 0:00,126,-4,-1,1020,NE,0.89,0,0
2010/2/28 8:00,114,-4,-1,1021,NW,13.85,0,0
2010/2/28 16:00,16,-8,1,1023,NW,16.09,0,0
2010/3/1 0:00,69,-4,-3,1026,SE,7.15,7,0
2010/3/1 8:00,17,-5,-4,1026,SE,29.96,0,0
2010/3/1 16:00,65,-5,-1,1020,SE,53.21,0,0
2010/3/2 0:00,101,-5,-2,1019,SE,82.27,0,0
2010/3/2 8:00,138,-6,-5,1021,NW,1.79,0,0
2010/3/2 16:00,30,-13,8,1021,NW,60.37,0,0
2010/3/3 0:00,109,-6,3,1024,NW,1.79,0,0
2010/3/3 8:00,121,-7,-1,1025,SE,0.89,0,0
2010/3/3 16:00,236,-6,6,1021,SE,20.57,0,0
2010/3/4 0:00,98,-5,2,1019,SE,4.92,0,0
2010/3/4 8:00,131,-3,0,1016,SE,4.47,0,0
2010/3/4 16:00,231,-3,5,1013,NW,3.13,0,1
2010/3/5 0:00,248,-2,1,1019,NW,16.99,0,0
2010/3/5 8:00,19,-19,-2,1028,NW,81.35,0,0
2010/3/5 16:00,16,-24,3,1028,cv,1.79,0,0
2010/3/6 0:00,19,-22,-2,1033,NE,34.87,0,0
2010/3/6 8:00,27,-22,-5,1035,NE,76.89,0,0
2010/3/6 16:00,103,-13,2,1031,cv,1.79,0,0
2010/3/7 0:00,62,-9,-3,1035,SE,21.91,0,0
2010/3/7 8:00,74,-9,-5,1037,cv,0.9,1,0
2010/3/7 16:00,132,-11,0,1033,SE,6.26,0,0
2010/3/8 0:00,76,-5,-4,1038,SE,1.79,0,0
2010/3/8 8:00,65,-6,-5,1040,SE,18.79,7,0
2010/3/8 16:00,43,-7,-2,1039,NW,1.79,0,0
2010/3/9 0:00,5,-15,-5,1042,NW,46.05,0,0
2010/3/9 8:00,18,-18,-6,1039,NW,92.52,0,0
2010/3/9 16:00,21,-23,1,1031,NW,154.65,0,0
2010/3/10 0:00,46,-11,-5,1028,SE,2.68,0,0
2010/3/10 8:00,111,-11,-4,1025,cv,1.78,0,0
2010/3/10 16:00,40,-15,8,1016,SE,14.3,0,0
2010/3/11 0:00,101,-8,-1,1015,cv,0.89,0,0
2010/3/11 8:00,161,-6,-1,1013,cv,2.67,0,0
2010/3/11 16:00,163,-8,9,1005,cv,1.79,0,0
2010/3/12 0:00,213,-6,5,1006,NW,16.54,0,0
2010/3/12 8:00,19,-15,4,1018,NW,88.51,0,0
2010/3/12 16:00,16,-19,8,1019,SE,3.13,0,0
2010/3/13 0:00,79,-5,0,1026,SE,12.06,0,0
2010/3/13 8:00,69,-12,0,1029,SE,1.79,0,0
2010/3/13 16:00,58,-9,8,1024,SE,33.96,0,0
2010/3/14 0:00,37,-11,2,1025,SE,3.13,0,0
2010/3/14 8:00,86,-2,-1,1022,NW,9.39,2,0
2010/3/14 16:00,86,-1,0,1019,NW,29.96,13,0
2010/3/15 0:00,103,-1,0,1019,NW,17.88,0,0
2010/3/15 8:00,50,-13,1,1023,NW,26.81,0,0
2010/3/15 16:00,22,-11,4,1024,NW,106.38,0,0
2010/3/16 0:00,61,-10,-3,1026,NW,0.89,0,0
2010/3/16 8:00,79,-9,-3,1024,NW,1.79,0,0
2010/3/16 16:00,53,-14,7,1021,NW,3.58,0,0
2010/3/17 0:00,76,-9,3,1025,NW,3.13,0,0
2010/3/17 8:00,34,-15,1,1028,NE,33.97,0,0
2010/3/17 16:00,24,-18,7,1025,cv,1.79,0,0
2010/3/18 0:00,71,-5,-1,1027,SE,9.84,0,0
2010/3/18 8:00,110,-4,-1,1024,SE,1.79,0,0
2010/3/18 16:00,208,-2,2,1015,NE,3.13,0,0
2010/3/19 0:00,241,-1,2,1011,cv,1.78,0,0
2010/3/19 8:00,214,2,3,1004,NW,5.36,0,0
2010/3/19 16:00,239,2,7,1001,cv,0.89,0,0
2010/3/20 0:00,183,3,4,1002,cv,0.89,0,0
2010/3/20 8:00,201,-5,7,1003,NW,35.32,0,0
2010/3/20 16:00,37,-17,10,1013,NW,140.39,0,0
2010/3/21 0:00,46,-6,3,1017,NW,185.1,0,0
2010/3/21 8:00,48,-5,4,1017,SE,1.79,0,0
2010/3/21 16:00,82,-12,14,1010,SE,13.86,0,0
2010/3/22 0:00,85,-5,6,1012,SE,1.79,0,0
2010/3/22 8:00,112,-2,5,1012,cv,0.89,0,0
2010/3/22 16:00,128,-13,14,1015,NW,67.48,0,0
2010/3/23 0:00,28,-10,7,1022,NW,4.02,0,0
2010/3/23 8:00,86,-6,4,1023,NW,0.89,0,0
2010/3/23 16:00,60,-8,13,1018,SE,46.48,0,0
2010/3/24 0:00,70,-6,6,1020,SE,83.57,0,0
2010/3/24 8:00,67,-6,7,1022,NW,10.73,0,0
2010/3/24 16:00,92,-8,10,1021,SE,12.96,0,0
2010/3/25 0:00,48,0,2,1027,SE,10.28,0,0
2010/3/25 8:00,12,-16,3,1030,NW,21.01,0,0
2010/3/25 16:00,20,-18,9,1022,NW,13.85,0,0
2010/3/26 0:00,63,-7,2,1023,SE,0.89,0,0
2010/3/26 8:00,38,-7,3,1021,cv,0.89,0,0
2010/3/26 16:00,70,-12,15,1014,SE,31.74,0,0
2010/3/27 0:00,106,-8,3,1020,NW,10.28,0,0
2010/3/27 8:00,75,-9,3,1027,SE,16.99,0,0
2010/3/27 16:00,50,-10,10,1024,SE,3.13,0,0
2010/3/28 0:00,41,-8,2,1028,SE,30.4,0,0
2010/3/28 8:00,88,-6,2,1029,SE,1.79,0,0
2010/3/28 16:00,63,-9,16,1023,SE,13.86,0,0
2010/3/29 0:00,92,-4,6,1025,SE,37.11,0,0
2010/3/29 8:00,208,-1,7,1025,SE,1.79,0,0
2010/3/29 16:00,260,5,9,1022,SE,5.81,0,0
2010/3/30 0:00,288,6,7,1021,SE,0.89,0,5
2010/3/30 8:00,0,6,8,1019,SE,14.31,0,0
2010/3/30 16:00,0,7,9,1015,cv,2.68,0,6
2010/3/31 0:00,0,7,8,1015,NW,4.92,0,1
2010/3/31 8:00,129,5,9,1015,cv,0.89,0,0
2010/3/31 16:00,0,1,17,1012,NW,4.92,0,0
2010/4/1 0:00,31,-14,9,1021,NW,63.46,0,0
2010/4/1 8:00,30,-19,7,1023,NW,104.58,0,0
2010/4/1 16:00,16,-17,12,1018,NW,183.26,0,0
2010/4/2 0:00,27,-7,2,1018,SE,0.89,0,0
2010/4/2 8:00,27,-16,7,1021,NW,23.24,0,0
2010/4/2 16:00,18,-22,12,1020,NW,92.52,0,0
2010/4/3 0:00,48,-8,0,1022,NW,1.79,0,0
2010/4/3 8:00,133,-9,4,1022,SE,1.79,0,0
2010/4/3 16:00,132,-5,16,1012,SE,33.98,0,0
2010/4/4 0:00,184,-1,10,1010,cv,0.89,0,0
2010/4/4 8:00,197,1,11,1011,NE,1.79,0,0
2010/4/4 16:00,27,-11,22,1008,SE,3.58,0,0
2010/4/5 0:00,199,2,12,1010,SE,31.74,0,0
2010/4/5 8:00,166,2,10,1013,cv,1.78,0,0
2010/4/5 16:00,130,2,14,1012,SE,26.38,0,0
2010/4/6 0:00,30,2,6,1024,cv,0.89,0,0
2010/4/6 8:00,28,-14,9,1028,NW,37.1,0,0
2010/4/6 16:00,17,-17,16,1023,NW,18.77,0,0
2010/4/7 0:00,52,-5,5,1025,NE,0.89,0,0
2010/4/7 8:00,78,-5,6,1025,cv,0.89,0,0
2010/4/7 16:00,94,-7,20,1015,SE,42.91,0,0
2010/4/8 0:00,97,-1,13,1014,SE,94.77,0,0
2010/4/8 8:00,78,1,10,1011,SE,123.37,0,0
2010/4/8 16:00,113,1,21,1003,SE,159.58,0,0
2010/4/9 0:00,150,3,15,1007,NE,3.13,0,0
2010/4/9 8:00,62,0,13,1012,NE,22.35,0,0
2010/4/9 16:00,66,3,9,1011,SE,42.02,0,0
2010/4/10 0:00,91,2,8,1016,NW,2.68,0,0
2010/4/10 8:00,22,-12,8,1021,NE,26.38,0,0
2010/4/10 16:00,32,-13,15,1015,SE,14.3,0,0
2010/4/11 0:00,39,-5,7,1018,SE,59.89,0,0
2010/4/11 8:00,84,1,5,1019,SE,89.39,0,3
2010/4/11 16:00,50,1,8,1015,NW,1.79,0,0
2010/4/12 0:00,87,2,6,1014,cv,0.45,0,0
2010/4/12 8:00,33,3,7,1017,NW,17,0,0
2010/4/12 16:00,31,-16,10,1018,NW,98.35,0,0
2010/4/13 0:00,8,-14,4,1026,NW,162.27,0,0
2010/4/13 8:00,19,-17,6,1028,NW,199.38,0,0
2010/4/13 16:00,13,-19,11,1025,NW,280.29,0,0
2010/4/14 0:00,100,-8,1,1029,cv,1.78,0,0
2010/4/14 8:00,25,-10,5,1030,NE,3.13,0,0
2010/4/14 16:00,50,-16,13,1022,cv,3.13,0,0
2010/4/15 0:00,79,-1,7,1023,SE,47.39,0,0
2010/4/15 8:00,171,1,5,1022,SE,79.57,0,0
2010/4/15 16:00,194,2,9,1018,cv,0.89,0,0
2010/4/16 0:00,235,1,4,1018,cv,1.34,0,0
2010/4/16 8:00,235,3,6,1018,NW,12.96,0,0
2010/4/16 16:00,185,3,15,1016,SE,17.87,0,0
2010/4/17 0:00,91,4,8,1023,SE,56.31,0,0
2010/4/17 8:00,154,2,5,1024,SE,75.54,0,0
2010/4/17 16:00,156,4,11,1019,SE,101.47,0,0
2010/4/18 0:00,206,5,10,1018,cv,0.89,0,0
2010/4/18 8:00,184,6,10,1015,cv,0.9,0,0
2010/4/18 16:00,255,6,20,1009,SE,6.26,0,0
2010/4/19 0:00,389,8,14,1011,SE,7.15,0,0
2010/4/19 8:00,307,9,14,1014,NE,4.92,0,2
2010/4/19 16:00,170,9,17,1014,SE,8.94,0,0
2010/4/20 0:00,110,8,11,1018,SE,37.55,0,0
2010/4/20 8:00,94,8,12,1020,cv,0.89,0,0
2010/4/20 16:00,66,1,19,1017,cv,4.92,0,0
2010/4/21 0:00,48,-2,13,1022,SE,16.99,0,0
2010/4/21 8:00,50,4,12,1023,NW,9.83,0,2
2010/4/21 16:00,16,2,13,1021,NW,5.81,0,0
2010/4/22 0:00,34,6,9,1022,NW,3.13,0,3
2010/4/22 8:00,53,6,9,1021,NW,18.33,0,11
2010/4/22 16:00,34,5,11,1020,cv,0.89,0,3
2010/4/23 0:00,37,4,6,1022,cv,0.45,0,0
2010/4/23 8:00,51,2,10,1023,NW,14.76,0,0
2010/4/23 16:00,16,-13,21,1018,NW,21.01,0,0
2010/4/24 0:00,45,-6,15,1019,SE,22.8,0,0
2010/4/24 8:00,90,0,13,1019,SE,1.79,0,0
2010/4/24 16:00,117,4,23,1013,SE,48.74,0,0
2010/4/25 0:00,98,6,16,1015,SE,86.3,0,0
2010/4/25 8:00,141,7,13,1015,SE,115.79,0,0
2010/4/25 16:00,135,8,18,1012,NW,7.15,0,0
2010/4/26 0:00,10,4,8,1017,NE,4.02,0,0
2010/4/26 8:00,16,-7,10,1015,NW,42.02,0,0
2010/4/26 16:00,24,-4,12,1011,SE,24.15,0,0
2010/4/27 0:00,13,-12,6,1013,NW,71.08,0,0
2010/4/27 8:00,27,-12,7,1010,NW,114.9,0,0
2010/4/27 16:00,31,-9,13,1006,NW,164.51,0,0
2010/4/28 0:00,24,-11,8,1012,NW,217.26,0,0
2010/4/28 8:00,14,-11,9,1014,NW,273.59,0,0
2010/4/28 16:00,20,-10,15,1012,NW,368.82,0,0
2010/4/29 0:00,18,-7,10,1013,NW,434.98,0,0
2010/4/29 8:00,20,-6,13,1013,NW,28.17,0,0
2010/4/29 16:00,17,-8,19,1012,NW,117.11,0,0
2010/4/30 0:00,27,-3,14,1017,NW,171.22,0,0
2010/4/30 8:00,28,-6,16,1017,NW,206.09,0,0
2010/4/30 16:00,20,-7,25,1010,NW,257.95,0,0
2010/5/1 0:00,62,-2,16,1010,cv,0.89,0,0
2010/5/1 8:00,89,0,16,1009,cv,0.89,0,0
2010/5/1 16:00,48,-2,32,1003,SE,22.79,0,0
2010/5/2 0:00,75,3,21,1001,SE,66.59,0,0
2010/5/2 8:00,146,10,19,1003,NE,1.79,0,0
2010/5/2 16:00,55,-6,32,1001,NW,16.09,0,0
2010/5/3 0:00,36,-2,18,1006,cv,0.89,0,0
2010/5/3 8:00,53,-2,21,1010,NW,3.58,0,0
2010/5/3 16:00,150,7,23,1005,NE,3.13,0,0
2010/5/4 0:00,118,4,20,1006,SE,4.02,0,1
2010/5/4 8:00,119,8,19,1005,cv,0.89,0,0
2010/5/4 16:00,121,15,24,999,SE,16.98,0,0
2010/5/5 0:00,165,16,17,999,SE,49.62,0,3
2010/5/5 8:00,216,15,16,997,SE,71.97,0,0
2010/5/5 16:00,9,6,25,996,NW,46.94,0,0
2010/5/6 0:00,16,-1,15,1005,NW,143.04,0,0
2010/5/6 8:00,15,0,17,1009,NW,25.47,0,0
2010/5/6 16:00,16,0,28,1004,NW,80.89,0,0
2010/5/7 0:00,48,2,21,1003,SE,26.82,0,0
2010/5/7 8:00,81,8,19,1004,SE,1.79,0,0
2010/5/7 16:00,126,-1,28,1002,NW,57.66,0,0
2010/5/8 0:00,50,-1,18,1007,NW,90.29,0,0
2010/5/8 8:00,191,10,18,1009,NW,1.79,0,0
2010/5/8 16:00,110,7,24,1004,SE,23.69,0,0
2010/5/9 0:00,139,11,15,1007,NW,1.79,0,1
2010/5/9 8:00,32,-1,15,1008,NW,47.84,0,0
2010/5/9 16:00,28,-3,21,1007,NW,5.81,0,0
2010/5/10 0:00,132,-2,14,1008,SE,4.92,0,0
2010/5/10 8:00,50,6,15,1004,NE,3.58,0,0
2010/5/10 16:00,32,-1,21,1005,NW,82.24,0,0
2010/5/11 0:00,10,-1,15,1013,NW,154.21,0,0
2010/5/11 8:00,10,2,16,1016,NE,3.13,0,0
2010/5/11 16:00,11,3,23,1013,SE,1.79,0,0
2010/5/12 0:00,49,5,14,1019,SE,15.65,0,0
2010/5/12 8:00,51,8,16,1020,SE,1.79,0,0
2010/5/12 16:00,45,5,24,1015,SE,12.97,0,0
2010/5/13 0:00,52,6,14,1018,SE,42.92,0,0
2010/5/13 8:00,83,8,17,1020,SE,3.58,0,0
2010/5/13 16:00,66,6,25,1015,SE,16.09,0,0
2010/5/14 0:00,60,7,16,1017,SE,41.57,0,0
2010/5/14 8:00,117,8,17,1017,SE,12.52,0,0
2010/5/14 16:00,159,10,22,1013,SE,3.13,0,1
2010/5/15 0:00,219,14,17,1014,NE,0.89,0,0
2010/5/15 8:00,223,14,18,1014,NW,11.63,0,0
2010/5/15 16:00,170,12,28,1010,SE,3.13,0,0
2010/5/16 0:00,107,11,21,1014,SE,27.71,0,0
2010/5/16 8:00,178,13,19,1015,SE,51.85,0,0
2010/5/16 16:00,56,12,20,1013,SE,78.68,0,1
2010/5/17 0:00,51,13,15,1013,SE,101.93,0,0
2010/5/17 8:00,53,13,14,1011,SE,1.79,0,0
2010/5/17 16:00,89,13,20,1007,SE,3.13,0,0
2010/5/18 0:00,86,13,16,1006,SE,22.35,0,0
2010/5/18 8:00,17,11,13,1004,NW,29.95,0,5
2010/5/18 16:00,54,13,14,999,NW,5.81,0,1
2010/5/19 0:00,49,9,13,1001,cv,0.89,0,0
2010/5/19 8:00,43,10,21,1001,NW,1.79,0,0
2010/5/19 16:00,30,-2,34,997,NW,39.78,0,0
2010/5/20 0:00,61,4,20,1002,SE,3.13,0,0
2010/5/20 8:00,75,8,22,1006,NE,1.79,0,0
2010/5/20 16:00,36,-2,35,1004,SE,19.67,0,0
2010/5/21 0:00,93,9,24,1006,SE,50.06,0,0
2010/5/21 8:00,110,13,22,1008,SE,0.89,0,0
2010/5/21 16:00,86,9,28,1006,SE,21.01,0,0
2010/5/22 0:00,229,12,17,1007,NW,1.79,0,0
2010/5/22 8:00,157,12,21,1007,cv,0.89,0,0
2010/5/22 16:00,121,12,29,1004,SE,12.07,0,0
2010/5/23 0:00,149,12,18,1005,cv,2.67,0,0
2010/5/23 8:00,139,12,21,1003,NW,6.26,0,0
2010/5/23 16:00,63,2,34,996,cv,1.79,0,0
2010/5/24 0:00,100,11,19,1000,cv,0.89,0,0
2010/5/24 8:00,40,6,24,1004,NW,9.84,0,0
2010/5/24 16:00,28,7,30,1003,NW,60.8,0,0
2010/5/25 0:00,20,0,20,1008,cv,0.89,0,0
2010/5/25 8:00,29,4,23,1013,NW,4.02,0,0
2010/5/25 16:00,27,4,31,1009,SE,1.79,0,0
2010/5/26 0:00,47,10,20,1011,SE,1.79,0,0
2010/5/26 8:00,131,12,24,1014,cv,1.78,0,0
2010/5/26 16:00,63,10,29,1012,SE,40.24,0,0
2010/5/27 0:00,90,14,22,1015,cv,0.89,0,0
2010/5/27 8:00,108,15,21,1015,NW,3.58,0,0
2010/5/27 16:00,70,16,20,1015,NW,8.05,0,5
2010/5/28 0:00,90,16,17,1014,NE,0.89,0,13
2010/5/28 8:00,127,16,17,1011,SE,6.26,0,21
2010/5/28 16:00,108,17,23,1007,cv,1.79,0,0
2010/5/29 0:00,175,16,17,1008,NE,1.79,0,0
2010/5/29 8:00,251,17,19,1007,cv,3.56,0,0
2010/5/29 16:00,19,8,31,1002,NW,22.8,0,0
2010/5/30 0:00,33,11,20,1004,NW,4.02,0,0
2010/5/30 8:00,18,11,24,1007,NW,8.05,0,0
2010/5/30 16:00,39,13,23,1008,NE,9.83,0,0
2010/5/31 0:00,77,15,18,1013,SE,8.94,0,1
2010/5/31 8:00,105,15,20,1016,NE,2.68,0,0
2010/5/31 16:00,45,11,26,1013,SE,3.13,0,0
2010/6/1 0:00,189,14,18,1017,SE,16.1,0,0
2010/6/1 8:00,98,14,19,1017,cv,2.67,0,0
2010/6/1 16:00,0,15,25,1013,SE,3.13,0,0
2010/6/2 0:00,0,16,20,1014,SE,1.79,0,0
2010/6/2 8:00,0,15,18,1017,SE,3.13,0,0
2010/6/2 16:00,0,14,24,1016,SE,3.13,0,0
2010/6/3 0:00,190,15,17,1018,SE,3.58,0,0
2010/6/3 8:00,152,15,20,1019,cv,1.78,0,0
2010/6/3 16:00,101,12,27,1016,SE,6.26,0,0
2010/6/4 0:00,79,14,19,1017,SE,25.93,0,0
2010/6/4 8:00,82,13,21,1018,cv,2.67,0,0
2010/6/4 16:00,0,9,29,1013,SE,8.05,0,0
2010/6/5 0:00,0,12,20,1014,SE,36.2,0,0
2010/6/5 8:00,0,15,21,1014,cv,0.89,0,0
2010/6/5 16:00,0,12,30,1009,SE,8.04,0,0
2010/6/6 0:00,0,12,21,1011,SE,33.97,0,0
2010/6/6 8:00,0,14,22,1013,SE,3.58,0,0
2010/6/6 16:00,0,12,31,1009,SE,21.9,0,0
2010/6/7 0:00,0,16,23,1012,SE,43.35,0,0
2010/6/7 8:00,0,18,23,1014,SE,8.5,0,0
2010/6/7 16:00,109,11,31,1011,SE,24.59,0,0
2010/6/8 0:00,128,14,23,1014,SE,54.09,0,0
2010/6/8 8:00,0,14,24,1015,SE,3.58,0,0
2010/6/8 16:00,0,11,30,1012,SE,11.18,0,0
2010/6/9 0:00,0,12,23,1014,SE,32.2,0,0
2010/6/9 8:00,0,13,24,1015,NW,3.58,0,0
2010/6/9 16:00,0,10,32,1012,SE,3.13,0,0
2010/6/10 0:00,42,12,23,1014,SE,1.79,0,0
2010/6/10 8:00,41,16,19,1015,NW,12.07,0,5
2010/6/10 16:00,35,14,24,1012,SE,6.26,0,0
2010/6/11 0:00,88,16,18,1013,SE,25.48,0,0
2010/6/11 8:00,78,15,20,1013,SE,3.58,0,0
2010/6/11 16:00,98,15,25,1010,SE,6.71,0,0
2010/6/12 0:00,101,16,20,1010,SE,1.79,0,0
2010/6/12 8:00,91,16,21,1010,SE,15.65,0,0
2010/6/12 16:00,89,15,31,1005,SE,7.15,0,0
2010/6/13 0:00,13,15,24,1005,SE,3.13,0,0
2010/6/13 8:00,149,18,21,1007,SE,25.93,0,0
2010/6/13 16:00,174,19,29,1002,SE,47.84,0,0
2010/6/14 0:00,57,17,19,1006,NE,1.79,0,0
2010/6/14 8:00,78,18,21,1006,cv,0.89,0,0
2010/6/14 16:00,82,18,30,1002,SE,11.17,0,0
2010/6/15 0:00,151,21,24,1003,SE,34.87,0,0
2010/6/15 8:00,199,19,25,1003,cv,0.89,0,0
2010/6/15 16:00,75,14,32,999,SE,3.58,0,0
2010/6/16 0:00,105,20,24,1000,cv,0.89,0,0
2010/6/16 8:00,62,19,26,1001,cv,1.78,0,0
2010/6/16 16:00,133,19,30,998,SE,19.68,0,0
2010/6/17 0:00,33,18,20,1001,NE,4.02,0,3
2010/6/17 8:00,44,18,20,1003,SE,4.02,0,1
2010/6/17 16:00,26,18,19,1002,cv,0.89,0,0
2010/6/18 0:00,41,17,20,1004,NW,6.26,0,0
2010/6/18 8:00,49,16,20,1005,NW,8.05,0,0
2010/6/18 16:00,63,18,27,1003,SE,4.92,0,0
2010/6/19 0:00,70,16,19,1005,cv,0.89,0,0
2010/6/19 8:00,99,17,22,1006,cv,2.68,0,0
2010/6/19 16:00,82,19,31,1002,SE,12.52,0,0
2010/6/20 0:00,205,21,24,1006,cv,3.56,0,0
2010/6/20 8:00,0,18,27,1009,NW,20.12,0,0
2010/6/20 16:00,10,10,35,1006,cv,3.58,0,0
2010/6/21 0:00,61,15,24,1006,SE,40.24,0,0
2010/6/21 8:00,59,13,24,1006,SE,1.79,0,0
2010/6/21 16:00,78,17,30,1001,SE,4.02,0,0
2010/6/22 0:00,124,18,26,1002,cv,1.79,0,0
2010/6/22 8:00,135,20,28,1004,cv,2.23,0,0
2010/6/22 16:00,0,15,29,1005,SE,36.21,0,0
2010/6/23 0:00,0,13,23,1010,SE,1.79,0,0
2010/6/23 8:00,0,8,24,1011,cv,2.67,0,0
2010/6/23 16:00,40,11,31,1007,SE,23.23,0,0
2010/6/24 0:00,54,12,23,1009,SE,14.31,0,0
2010/6/24 8:00,120,15,23,1010,cv,2.23,0,0
2010/6/24 16:00,38,12,33,1006,SE,22.35,0,0
2010/6/25 0:00,114,15,23,1009,SE,1.79,0,0
2010/6/25 8:00,140,17,24,1010,cv,2.23,0,0
2010/6/25 16:00,107,14,31,1006,SE,11.17,0,0
2010/6/26 0:00,190,17,24,1007,cv,0.89,0,0
2010/6/26 8:00,205,18,24,1009,cv,1.78,0,0
2010/6/26 16:00,149,16,31,1005,SE,6.26,0,0
2010/6/27 0:00,92,14,23,1006,SE,30.4,0,0
2010/6/27 8:00,133,14,24,1006,cv,1.78,0,0
2010/6/27 16:00,111,16,32,1001,SE,12.97,0,0
2010/6/28 0:00,111,19,23,1002,cv,0.89,0,0
2010/6/28 8:00,101,19,25,1002,NW,9.84,0,0
2010/6/28 16:00,159,19,31,1001,SE,18.32,0,0
2010/6/29 0:00,196,19,25,1003,SE,40.23,0,0
2010/6/29 8:00,201,20,25,1004,cv,1.78,0,0
2010/6/29 16:00,194,19,32,1002,SE,16.54,0,0
2010/6/30 0:00,188,20,26,1003,SE,7.15,0,0
2010/6/30 8:00,205,20,25,1004,SE,1.79,0,0
2010/6/30 16:00,159,19,29,1002,SE,11.18,0,0
2010/7/1 0:00,209,21,25,1002,SE,1.79,0,0
2010/7/1 8:00,174,22,24,1001,SE,1.79,0,0
2010/7/1 16:00,38,21,24,1000,NE,3.13,0,8
2010/7/2 0:00,46,19,23,1000,NW,8.05,0,0
2010/7/2 8:00,20,19,25,1001,NW,35.76,0,0
2010/7/2 16:00,13,12,37,998,cv,1.79,0,0
2010/7/3 0:00,34,19,25,1001,NE,0.89,0,0
2010/7/3 8:00,73,22,28,1002,cv,2.67,0,0
2010/7/3 16:00,68,16,38,998,SE,13.41,0,0
2010/7/4 0:00,79,22,29,1000,SE,34.86,0,0
2010/7/4 8:00,119,20,29,1001,NW,1.79,0,0
2010/7/4 16:00,66,18,37,998,SE,5.81,0,0
2010/7/5 0:00,105,20,27,1000,cv,0.89,0,0
2010/7/5 8:00,35,13,31,1003,NW,16.98,0,0
2010/7/5 16:00,13,5,41,997,NW,28.17,0,0
2010/7/6 0:00,62,14,27,999,NE,3.13,0,0
2010/7/6 8:00,21,10,32,1002,NW,10.28,0,0
2010/7/6 16:00,21,6,40,998,SE,12.96,0,0
2010/7/7 0:00,47,15,26,1003,SE,55.42,0,0
2010/7/7 8:00,49,15,27,1004,SE,4.92,0,0
2010/7/7 16:00,61,17,30,1004,NE,1.79,0,0
2010/7/8 0:00,52,17,25,1006,SE,12.52,0,0
2010/7/8 8:00,74,17,27,1008,NE,1.79,0,0
2010/7/8 16:00,14,11,37,1003,SE,3.13,0,0
2010/7/9 0:00,69,17,26,1007,SE,29.06,0,0
2010/7/9 8:00,79,17,27,1007,SE,1.79,0,0
2010/7/9 16:00,123,21,27,1004,SE,23.7,0,0
2010/7/10 0:00,31,20,21,1006,NW,1.79,0,10
2010/7/10 8:00,98,19,21,1006,SE,16.1,0,2
2010/7/10 16:00,72,21,23,1005,SE,1.79,0,0
2010/7/11 0:00,77,19,22,1005,SE,27.72,0,2
2010/7/11 8:00,168,20,22,1005,SE,44.72,0,0
2010/7/11 16:00,192,22,24,1004,NE,1.79,0,0
2010/7/12 0:00,164,18,21,1005,SE,4.92,0,0
2010/7/12 8:00,69,20,22,1006,NW,3.58,0,0
2010/7/12 16:00,155,21,24,1006,SE,1.79,0,0
2010/7/13 0:00,189,21,23,1008,SE,0.89,0,0
2010/7/13 8:00,61,21,24,1010,NW,6.26,0,0
2010/7/13 16:00,107,21,26,1009,NW,12.52,0,0
2010/7/14 0:00,122,22,24,1010,SE,0.89,0,0
2010/7/14 8:00,124,22,24,1011,cv,0.89,0,0
2010/7/14 16:00,105,21,27,1010,SE,9.39,0,0
2010/7/15 0:00,168,22,24,1008,SE,2.67,0,0
2010/7/15 8:00,175,21,24,1007,cv,2.67,0,0
2010/7/15 16:00,211,22,24,1006,NE,2.68,0,1
2010/7/16 0:00,213,22,24,1005,SE,4.92,0,0
2010/7/16 8:00,259,23,24,1005,SE,7.16,0,0
2010/7/16 16:00,188,23,31,1003,SE,14.75,0,0
2010/7/17 0:00,50,22,26,1004,NE,3.13,0,0
2010/7/17 8:00,100,23,26,1007,SE,1.79,0,0
2010/7/17 16:00,98,22,32,1005,SE,10.28,0,0
2010/7/18 0:00,219,22,26,1006,SE,31.3,0,0
2010/7/18 8:00,83,21,24,1007,cv,0.89,0,0
2010/7/18 16:00,113,22,34,1004,SE,15.2,0,0
2010/7/19 0:00,147,23,28,1005,SE,38.89,0,0
2010/7/19 8:00,241,24,26,1007,SE,57.23,0,0
2010/7/19 16:00,78,20,24,1007,SE,4.02,0,2
2010/7/20 0:00,63,20,22,1004,cv,0.45,0,2
2010/7/20 8:00,43,20,24,1004,NW,16.09,0,0
2010/7/20 16:00,45,21,30,1003,SE,12.07,0,0
2010/7/21 0:00,47,22,23,1006,SE,34.41,0,0
2010/7/21 8:00,96,22,26,1007,cv,0.89,0,0
2010/7/21 16:00,42,22,32,1005,SE,16.09,0,0
2010/7/22 0:00,67,22,25,1008,SE,2.68,0,0
2010/7/22 8:00,227,23,25,1009,cv,0.89,0,0
2010/7/22 16:00,130,24,33,1006,SE,11.18,0,0
2010/7/23 0:00,189,24,27,1008,SE,30.86,0,0
2010/7/23 8:00,245,24,28,1009,cv,3.12,0,0
2010/7/23 16:00,132,23,34,1007,SE,20.57,0,0
2010/7/24 0:00,84,23,29,1009,SE,46.05,0,0
2010/7/24 8:00,114,25,29,1011,SE,3.58,0,0
2010/7/24 16:00,77,21,34,1009,SE,19.22,0,0
2010/7/25 0:00,165,24,29,1010,SE,41.57,0,0
2010/7/25 8:00,228,24,28,1011,cv,0.89,0,0
2010/7/25 16:00,111,23,34,1008,SE,17.88,0,0
2010/7/26 0:00,161,23,28,1009,SE,41.13,0,0
2010/7/26 8:00,227,24,28,1009,SE,3.13,0,0
2010/7/26 16:00,240,24,32,1008,SE,12.97,0,0
2010/7/27 0:00,178,25,28,1007,SE,5.36,0,0
2010/7/27 8:00,230,25,29,1006,SE,17.88,0,0
2010/7/27 16:00,171,23,35,1003,SE,32.63,0,0
2010/7/28 0:00,152,24,29,1002,SE,60.36,0,0
2010/7/28 8:00,179,24,28,1002,SE,80.04,0,0
2010/7/28 16:00,193,23,35,997,SE,12.06,0,0
2010/7/29 0:00,159,25,29,997,SE,35.76,0,0
2010/7/29 8:00,156,26,29,997,SE,52.76,0,0
2010/7/29 16:00,210,27,33,994,SE,21.46,0,0
2010/7/30 0:00,246,26,29,998,SE,8.94,0,0
2010/7/30 8:00,206,25,26,1000,cv,0.89,0,1
2010/7/30 16:00,280,26,30,998,SE,5.37,0,0
2010/7/31 0:00,185,26,28,999,cv,0.89,0,0
2010/7/31 8:00,248,28,29,998,cv,1.78,0,0
2010/7/31 16:00,21,19,31,1001,NE,41.56,0,0
2010/8/1 0:00,44,22,25,1006,SE,5.37,0,0
2010/8/1 8:00,53,22,25,1009,NE,1.79,0,0
2010/8/1 16:00,26,13,31,1008,SE,16.98,0,0
2010/8/2 0:00,85,18,23,1010,SE,35.32,0,0
2010/8/2 8:00,100,18,24,1011,cv,2.67,0,0
2010/8/2 16:00,36,14,31,1006,SE,3.13,0,0
2010/8/3 0:00,74,16,25,1005,SE,22.36,0,0
2010/8/3 8:00,142,18,23,1004,SE,1.79,0,0
2010/8/3 16:00,165,20,29,1001,SE,3.58,0,0
2010/8/4 0:00,198,21,26,1002,NE,0.89,0,0
2010/8/4 8:00,159,22,25,1003,cv,2.67,0,0
2010/8/4 16:00,35,22,24,1003,NW,27.71,0,3
2010/8/5 0:00,45,20,24,1004,NE,4.92,0,0
2010/8/5 8:00,33,20,25,1006,NW,22.8,0,0
2010/8/5 16:00,16,9,31,1010,NW,85.39,0,0
2010/8/6 0:00,11,9,24,1014,NW,132.32,0,0
2010/8/6 8:00,21,13,23,1017,NW,155.57,0,0
2010/8/6 16:00,16,11,31,1014,SE,14.31,0,0
2010/8/7 0:00,62,17,22,1015,SE,32.65,0,0
2010/8/7 8:00,90,18,23,1013,SE,1.79,0,0
2010/8/7 16:00,101,20,28,1008,SE,28.61,0,0
2010/8/8 0:00,45,19,22,1007,NW,3.13,0,4
2010/8/8 8:00,68,19,23,1005,NW,7.15,0,0
2010/8/8 16:00,119,21,32,1002,SE,10.29,0,0
2010/8/9 0:00,221,23,25,1005,NE,1.79,0,0
2010/8/9 8:00,255,23,25,1004,SE,1.79,0,0
2010/8/9 16:00,208,22,31,1003,SE,11.63,0,0
2010/8/10 0:00,336,24,26,1006,SE,2.68,0,0
2010/8/10 8:00,32,13,25,1008,NW,16.99,0,0
2010/8/10 16:00,121,20,32,1005,SE,11.18,0,0
2010/8/11 0:00,182,23,25,1007,cv,0.89,0,0
2010/8/11 8:00,94,23,25,1006,SE,14.32,0,0
2010/8/11 16:00,96,21,27,1004,SE,42.92,0,0
2010/8/12 0:00,83,20,22,1004,SE,5.37,0,0
2010/8/12 8:00,117,22,24,1002,NE,1.79,0,0
2010/8/12 16:00,94,22,33,998,SE,5.81,0,0
2010/8/13 0:00,100,24,27,1001,SE,6.26,0,0
2010/8/13 8:00,96,24,26,1002,SE,0.89,0,0
2010/8/13 16:00,146,25,30,1001,SE,11.17,0,0
2010/8/14 0:00,0,24,26,999,SE,6.26,0,0
2010/8/14 8:00,0,24,26,999,cv,1.78,0,0
2010/8/14 16:00,0,2,35,998,NW,58.12,0,0
2010/8/15 0:00,0,9,27,1003,NW,8.94,0,0
2010/8/15 8:00,0,12,28,1005,NW,36.2,0,0
2010/8/15 16:00,0,12,33,1004,SE,1.79,0,0
2010/8/16 0:00,0,17,23,1006,NE,0.89,0,0
2010/8/16 8:00,0,15,26,1008,NE,3.13,0,0
2010/8/16 16:00,112,15,34,1005,SE,12.96,0,0
2010/8/17 0:00,76,18,26,1008,SE,40.67,0,0
2010/8/17 8:00,166,21,26,1009,SE,3.13,0,0
2010/8/17 16:00,118,17,32,1006,SE,41.58,0,0
2010/8/18 0:00,199,22,25,1009,SE,69.3,0,0
2010/8/18 8:00,312,23,26,1010,SE,90.32,0,0
2010/8/18 16:00,164,24,27,1010,SE,10.29,0,1
2010/8/19 0:00,104,20,22,1011,NW,14.3,0,11
2010/8/19 8:00,93,22,23,1012,NW,17.89,0,0
2010/8/19 16:00,124,21,28,1012,SE,6.71,0,0
2010/8/20 0:00,195,22,24,1014,SE,1.79,0,0
2010/8/20 8:00,119,22,25,1015,NW,9.84,0,0
2010/8/20 16:00,146,23,30,1012,SE,9.39,0,0
2010/8/21 0:00,45,21,24,1014,SE,32.19,0,0
2010/8/21 8:00,53,21,22,1012,NW,1.79,0,3
2010/8/21 16:00,19,18,20,1011,NE,4.02,0,12
2010/8/22 0:00,9,16,19,1013,NE,10.28,0,5
2010/8/22 8:00,23,16,21,1014,NE,4.92,0,0
2010/8/22 16:00,15,14,29,1012,SE,10.28,0,0
2010/8/23 0:00,49,18,20,1015,cv,0.89,0,0
2010/8/23 8:00,76,18,21,1015,NW,4.47,0,0
2010/8/23 16:00,84,19,29,1012,SE,4.92,0,0
2010/8/24 0:00,186,21,23,1014,SE,22.81,0,0
2010/8/24 8:00,159,21,23,1014,NE,1.79,0,0
2010/8/24 16:00,87,18,29,1012,SE,24.59,0,0
2010/8/25 0:00,61,17,19,1015,SE,2.68,0,0
2010/8/25 8:00,97,18,22,1015,NW,3.13,0,0
2010/8/25 16:00,73,17,29,1013,SE,5.37,0,0
2010/8/26 0:00,122,19,21,1015,NE,1.79,0,0
2010/8/26 8:00,71,17,23,1016,NW,19.67,0,0
2010/8/26 16:00,33,18,32,1013,cv,0.89,0,0
2010/8/27 0:00,33,15,23,1014,NW,16.54,0,0
2010/8/27 8:00,64,17,22,1014,NW,41.13,0,0
2010/8/27 16:00,17,13,29,1011,cv,2.67,0,0
2010/8/28 0:00,44,17,20,1012,cv,1.78,0,0
2010/8/28 8:00,47,17,23,1012,NW,17.88,0,0
2010/8/28 16:00,11,13,31,1008,SE,4.92,0,0
2010/8/29 0:00,132,20,23,1010,SE,23.25,0,0
2010/8/29 8:00,135,20,22,1009,NW,4.92,0,0
2010/8/29 16:00,60,17,32,1005,SE,14.31,0,0
2010/8/30 0:00,102,19,22,1007,NE,2.68,0,0
2010/8/30 8:00,77,19,23,1009,NE,1.79,0,0
2010/8/30 16:00,88,21,30,1007,SE,6.26,0,0
2010/8/31 0:00,116,19,25,1009,NW,4.02,0,1
2010/8/31 8:00,105,20,23,1010,cv,2.68,0,0
2010/8/31 16:00,80,20,27,1010,SE,17,0,0
2010/9/1 0:00,99,19,22,1012,cv,0.89,0,0
2010/9/1 8:00,78,20,22,1014,NW,3.13,0,0
2010/9/1 16:00,55,18,27,1013,NW,29.96,0,0
2010/9/2 0:00,82,18,22,1015,SE,1.79,0,0
2010/9/2 8:00,46,18,23,1016,NW,3.13,0,0
2010/9/2 16:00,104,19,29,1014,SE,1.79,0,0
2010/9/3 0:00,254,20,22,1015,NE,0.89,0,0
2010/9/3 8:00,100,19,22,1015,NW,6.71,0,3
2010/9/3 16:00,70,19,26,1012,cv,1.78,0,0
2010/9/4 0:00,155,18,21,1013,SE,1.78,0,0
2010/9/4 8:00,81,17,22,1013,NW,1.79,0,0
2010/9/4 16:00,78,16,28,1011,SE,6.26,0,0
2010/9/5 0:00,112,19,22,1012,SE,1.79,0,0
2010/9/5 8:00,185,19,22,1013,cv,4.45,0,0
2010/9/5 16:00,96,20,29,1008,SE,6.26,0,0
2010/9/6 0:00,129,19,21,1010,cv,1.78,0,0
2010/9/6 8:00,151,21,23,1011,cv,0.89,0,0
2010/9/6 16:00,99,20,30,1009,SE,5.37,0,0
2010/9/7 0:00,226,22,24,1011,NE,1.79,0,0
2010/9/7 8:00,226,22,24,1013,cv,1.78,0,0
2010/9/7 16:00,48,15,26,1014,SE,1.79,0,0
2010/9/8 0:00,103,16,19,1016,cv,3.12,0,0
2010/9/8 8:00,96,17,20,1017,NE,1.78,0,0
2010/9/8 16:00,97,11,26,1013,SE,12.52,0,0
2010/9/9 0:00,115,16,19,1014,SE,8.49,0,0
2010/9/9 8:00,216,15,19,1013,cv,0.89,0,0
2010/9/9 16:00,121,16,27,1009,SE,16.99,0,0
2010/9/10 0:00,175,17,20,1009,SE,38.45,0,0
2010/9/10 8:00,57,12,23,1009,NW,4.02,0,0
2010/9/10 16:00,38,9,30,1006,NW,43.37,0,0
2010/9/11 0:00,174,12,20,1009,NW,6.71,0,0
2010/9/11 8:00,0,13,23,1010,NW,6.71,0,0
2010/9/11 16:00,0,11,32,1008,SE,3.13,0,0
2010/9/12 0:00,72,15,19,1010,NE,0.89,0,0
2010/9/12 8:00,119,16,22,1012,NW,3.58,0,0
2010/9/12 16:00,103,13,33,1009,SE,6.71,0,0
2010/9/13 0:00,142,17,20,1011,cv,0.89,0,0
2010/9/13 8:00,114,17,23,1013,NW,6.71,0,0
2010/9/13 16:00,150,16,33,1010,SE,4.92,0,0
2010/9/14 0:00,209,18,21,1012,cv,0.89,0,0
2010/9/14 8:00,175,18,23,1014,NW,11.18,0,0
2010/9/14 16:00,165,13,32,1012,SE,9.39,0,0
2010/9/15 0:00,321,19,22,1013,SE,0.89,0,0
2010/9/15 8:00,334,19,22,1013,cv,3.12,0,0
2010/9/15 16:00,187,19,29,1009,SE,29.06,0,0
2010/9/16 0:00,203,21,26,1010,SE,55.88,0,0
2010/9/16 8:00,219,21,24,1011,SE,70.64,0,0
2010/9/16 16:00,194,20,25,1009,SE,88.98,0,1
2010/9/17 0:00,117,17,19,1010,SE,129.65,0,4
2010/9/17 8:00,53,16,18,1012,SE,1.79,0,12
2010/9/17 16:00,9,14,15,1014,NE,21.46,0,20
2010/9/18 0:00,26,12,14,1015,NE,7.6,0,28
2010/9/18 8:00,20,12,13,1015,NE,8.5,0,36
2010/9/18 16:00,27,14,19,1014,SE,4.92,0,0
2010/9/19 0:00,34,14,16,1015,SE,8.5,0,1
2010/9/19 8:00,106,15,17,1014,NW,8.5,0,0
2010/9/19 16:00,49,13,24,1011,SE,8.05,0,0
2010/9/20 0:00,84,15,18,1011,SE,3.58,0,0
2010/9/20 8:00,109,15,18,1012,NW,3.58,0,0
2010/9/20 16:00,101,16,19,1012,NE,4.92,0,0
2010/9/21 0:00,28,15,16,1015,NE,29.06,0,6
2010/9/21 8:00,0,11,13,1020,NE,3.13,0,2
2010/9/21 16:00,0,10,17,1022,SE,3.13,0,0
2010/9/22 0:00,0,11,13,1025,NW,6.26,0,0
2010/9/22 8:00,0,5,14,1026,NE,2.68,0,0
2010/9/22 16:00,0,-3,22,1020,NW,4.02,0,0
2010/9/23 0:00,0,8,10,1020,cv,0.89,0,0
2010/9/23 8:00,0,8,15,1020,NW,19.67,0,0
2010/9/23 16:00,0,7,25,1016,SE,11.17,0,0
2010/9/24 0:00,0,10,13,1018,NE,0.89,0,0
2010/9/24 8:00,0,13,15,1019,NW,1.79,0,0
2010/9/24 16:00,0,10,24,1015,SE,8.94,0,0
2010/9/25 0:00,0,8,16,1017,SE,36.2,0,0
2010/9/25 8:00,0,11,13,1017,SE,0.89,0,0
2010/9/25 16:00,0,12,21,1013,SE,21.46,0,0
2010/9/26 0:00,0,13,14,1017,cv,0.89,0,0
2010/9/26 8:00,0,13,14,1020,cv,0.89,0,0
2010/9/26 16:00,0,-2,24,1015,NW,3.13,0,0
2010/9/27 0:00,0,8,15,1014,SE,24.15,0,0
2010/9/27 8:00,0,1,18,1016,NW,8.05,0,0
2010/9/27 16:00,45,-4,22,1016,NW,70.21,0,0
2010/9/28 0:00,0,-4,14,1023,NW,123.86,0,0
2010/9/28 8:00,0,-1,12,1028,NE,19.67,0,0
2010/9/28 16:00,0,-2,19,1023,SE,3.13,0,0
2010/9/29 0:00,0,5,8,1024,cv,3.56,0,0
2010/9/29 8:00,0,6,10,1024,NW,3.57,0,0
2010/9/29 16:00,0,4,21,1018,SE,10.28,0,0
2010/9/30 0:00,0,9,10,1019,SE,0.89,0,0
2010/9/30 8:00,0,10,12,1020,NW,4.02,0,0
2010/9/30 16:00,0,11,24,1016,SE,8.05,0,0
2010/10/1 0:00,231,12,12,1018,NE,1.78,0,0
2010/10/1 8:00,162,13,14,1020,NW,1.79,0,0
2010/10/1 16:00,234,16,23,1016,cv,1.78,0,0
2010/10/2 0:00,168,15,18,1015,NW,10.28,0,2
2010/10/2 8:00,47,15,16,1013,NW,12.97,0,0
2010/10/2 16:00,3,7,19,1012,NW,78.23,0,0
2010/10/3 0:00,12,7,13,1015,NW,122.04,0,0
2010/10/3 8:00,10,2,17,1016,NW,165.4,0,0
2010/10/3 16:00,6,0,23,1015,NW,237.81,0,0
2010/10/4 0:00,9,6,11,1018,NE,3.13,0,0
2010/10/4 8:00,22,6,14,1020,NE,1.79,0,0
2010/10/4 16:00,26,7,23,1016,SE,8.05,0,0
2010/10/5 0:00,85,9,12,1016,cv,0.89,0,0
2010/10/5 8:00,52,11,14,1016,NW,12.97,0,0
2010/10/5 16:00,60,11,25,1012,SE,10.28,0,0
2010/10/6 0:00,206,11,13,1014,NE,0.89,0,0
2010/10/6 8:00,154,13,14,1015,NW,4.47,0,0
2010/10/6 16:00,252,15,24,1012,SE,11.18,0,0
2010/10/7 0:00,505,14,15,1015,NE,2.67,0,0
2010/10/7 8:00,384,14,15,1016,cv,0.89,0,0
2010/10/7 16:00,330,13,23,1015,SE,11.18,0,0
2010/10/8 0:00,429,14,14,1017,NE,0.89,0,0
2010/10/8 8:00,332,13,13,1017,NE,0.89,0,0
2010/10/8 16:00,175,10,24,1013,SE,11.18,0,0
2010/10/9 0:00,290,13,14,1013,SE,2.68,0,0
2010/10/9 8:00,318,12,13,1012,NE,0.89,0,0
2010/10/9 16:00,435,14,21,1008,cv,0.89,0,0
2010/10/10 0:00,434,13,13,1010,NE,3.56,0,0
2010/10/10 8:00,383,13,14,1012,NE,0.89,0,0
2010/10/10 16:00,393,16,17,1010,cv,1.79,0,2
2010/10/11 0:00,32,12,14,1013,NW,17.88,0,5
2010/10/11 8:00,2,8,14,1017,NE,3.13,0,0
2010/10/11 16:00,10,6,19,1019,NE,15.19,0,0
2010/10/12 0:00,37,6,8,1024,NW,2.68,0,0
2010/10/12 8:00,42,7,10,1024,NW,1.79,0,0
2010/10/12 16:00,40,5,19,1020,SE,6.26,0,0
2010/10/13 0:00,168,8,10,1019,cv,2.67,0,0
2010/10/13 8:00,66,8,10,1019,NW,2.68,0,0
2010/10/13 16:00,137,8,22,1013,SE,12.96,0,0
2010/10/14 0:00,41,9,15,1017,NW,8.94,0,0
2010/10/14 8:00,22,-2,14,1022,NW,16.99,0,0
2010/10/14 16:00,11,-1,20,1018,NW,69.73,0,0
2010/10/15 0:00,19,-2,14,1021,NW,109.07,0,0
2010/10/15 8:00,37,-2,13,1019,NW,136.34,0,0
2010/10/15 16:00,46,0,20,1011,SE,33.08,0,0
2010/10/16 0:00,111,6,9,1014,cv,0.89,0,0
2010/10/16 8:00,37,5,11,1018,NW,5.81,0,0
2010/10/16 16:00,45,7,18,1018,SE,29.04,0,0
2010/10/17 0:00,23,1,11,1026,SE,63.01,0,0
2010/10/17 8:00,44,-5,8,1029,SE,88.94,0,0
2010/10/17 16:00,51,-4,9,1028,SE,104.6,0,0
2010/10/18 0:00,81,1,8,1029,SE,0.89,0,0
2010/10/18 8:00,77,0,8,1029,cv,4.45,0,0
2010/10/18 16:00,68,6,6,1025,NW,20.12,0,4
2010/10/19 0:00,42,5,7,1026,NW,1.79,0,0
2010/10/19 8:00,63,7,8,1027,SE,0.89,0,0
2010/10/19 16:00,93,7,11,1027,cv,0.89,0,0
2010/10/20 0:00,83,6,9,1028,SE,8.05,0,0
2010/10/20 8:00,84,6,8,1029,NE,0.89,0,0
2010/10/20 16:00,78,7,10,1026,NE,1.79,0,0
2010/10/21 0:00,88,8,9,1025,cv,1.35,0,0
2010/10/21 8:00,103,8,10,1024,NE,0.89,0,0
2010/10/21 16:00,109,8,12,1021,SE,3.58,0,0
2010/10/22 0:00,184,9,11,1021,NE,2.67,0,0
2010/10/22 8:00,146,9,11,1021,NE,0.89,0,0
2010/10/22 16:00,201,10,13,1019,cv,1.78,0,0
2010/10/23 0:00,178,10,12,1020,NW,6.71,0,0
2010/10/23 8:00,173,11,12,1020,cv,0.89,0,4
2010/10/23 16:00,271,13,15,1017,cv,3.56,0,0
2010/10/24 0:00,262,12,13,1019,NW,3.57,0,0
2010/10/24 8:00,218,12,13,1020,NE,7.6,0,8
2010/10/24 16:00,10,2,8,1025,NE,61.25,0,0
2010/10/25 0:00,12,-3,6,1031,NW,22.35,0,0
2010/10/25 8:00,17,-7,7,1032,NW,64.82,0,0
2010/10/25 16:00,6,-10,12,1028,NW,135.9,0,0
2010/10/26 0:00,8,-9,4,1038,NE,13.86,0,0
2010/10/26 8:00,6,-9,1,1042,NE,1.79,0,0
2010/10/26 16:00,11,-15,7,1037,cv,3.57,0,0
2010/10/27 0:00,41,-3,0,1035,SE,5.8,0,0
2010/10/27 8:00,92,-2,1,1033,NE,0.89,0,0
2010/10/27 16:00,97,-4,11,1027,SE,11.17,0,0
2010/10/28 0:00,176,-1,1,1029,NW,3.13,0,0
2010/10/28 8:00,76,-1,3,1030,NW,10.28,0,0
2010/10/28 16:00,38,-1,17,1026,SE,4.02,0,0
2010/10/29 0:00,47,2,4,1028,NW,1.79,0,0
2010/10/29 8:00,93,2,6,1029,NW,2.68,0,0
2010/10/29 16:00,20,-3,19,1025,NW,32.64,0,0
2010/10/30 0:00,52,2,6,1027,NW,4.47,0,0
2010/10/30 8:00,45,2,7,1029,NW,27.72,0,0
2010/10/30 16:00,15,-2,19,1025,cv,3.57,0,0
2010/10/31 0:00,101,2,6,1026,NW,3.58,0,0
2010/10/31 8:00,47,2,7,1026,NW,21.92,0,0
2010/10/31 16:00,22,-4,19,1022,NW,4.02,0,0
2010/11/1 0:00,84,1,5,1024,NW,9.84,0,0
2010/11/1 8:00,41,-2,10,1029,NE,4.92,0,0
2010/11/1 16:00,0,-10,13,1028,NE,11.62,0,0
2010/11/2 0:00,0,-9,5,1032,NW,1.79,0,0
2010/11/2 8:00,0,-5,3,1032,NW,3.58,0,0
2010/11/2 16:00,0,-7,13,1025,SE,11.17,0,0
2010/11/3 0:00,0,-1,1,1024,cv,2.67,0,0
2010/11/3 8:00,0,0,2,1024,NW,3.13,0,0
2010/11/3 16:00,42,-3,18,1020,SE,3.13,0,0
2010/11/4 0:00,127,0,4,1022,NW,4.47,0,0
2010/11/4 8:00,55,-1,7,1023,NW,24.15,0,0
2010/11/4 16:00,44,-2,19,1020,SE,11.17,0,0
2010/11/5 0:00,144,1,4,1022,NW,2.68,0,0
2010/11/5 8:00,52,0,7,1022,NW,12.52,0,0
2010/11/5 16:00,98,0,19,1017,SE,11.18,0,0
2010/11/6 0:00,238,3,5,1018,NW,1.79,0,0
2010/11/6 8:00,127,3,3,1017,NE,0.89,0,0
2010/11/6 16:00,352,6,15,1014,cv,0.89,0,0
2010/11/7 0:00,466,5,6,1015,NW,3.57,0,0
2010/11/7 8:00,12,1,12,1016,NW,11.62,0,0
2010/11/7 16:00,13,-6,12,1018,NW,102.81,0,0
2010/11/8 0:00,18,-8,7,1023,NW,148.86,0,0
2010/11/8 8:00,7,-3,6,1025,NW,181.94,0,0
2010/11/8 16:00,7,-14,11,1025,NW,55.44,0,0
2010/11/9 0:00,21,-6,-2,1025,NE,1.79,0,0
2010/11/9 8:00,45,-4,0,1023,SE,0.89,0,0
2010/11/9 16:00,57,-8,8,1017,cv,2.67,0,0
2010/11/10 0:00,144,-2,0,1020,NW,1.78,0,0
2010/11/10 8:00,89,-3,-1,1019,NW,14.3,0,0
2010/11/10 16:00,122,-2,10,1015,SE,5.81,0,0
2010/11/11 0:00,213,-1,5,1012,cv,0.89,0,0
2010/11/11 8:00,153,-2,9,1010,NW,15.64,0,0
2010/11/11 16:00,12,-2,9,1010,NW,94.28,0,0
2010/11/12 0:00,8,-6,-1,1016,NW,132.72,0,0
2010/11/12 8:00,43,-5,-1,1016,NW,146.14,0,0
2010/11/12 16:00,99,-5,-1,1016,NW,160.46,0,0
2010/11/13 0:00,42,-14,7,1023,NW,59.91,0,0
2010/11/13 8:00,10,-14,4,1027,NW,126.08,0,0
2010/11/13 16:00,11,-14,3,1027,NW,155.14,0,0
2010/11/14 0:00,17,-8,0,1035,NW,173.48,0,0
2010/11/14 8:00,22,-8,0,1035,NW,187.8,0,0
2010/11/14 16:00,19,-8,0,1035,NW,202.12,0,0
2010/11/15 0:00,10,-8,0,1035,NW,216.44,0,0
2010/11/15 8:00,26,-8,0,1035,NW,230.76,0,0
2010/11/15 16:00,60,-6,0,1027,NW,245.08,0,0
2010/11/16 0:00,166,-4,-1,1023,NW,259.4,0,0
2010/11/16 8:00,94,-4,-1,1023,NW,273.72,0,0
2010/11/16 16:00,77,-4,-1,1023,NW,288.04,0,0
2010/11/17 0:00,264,-4,-1,1023,NW,302.36,0,0
2010/11/17 8:00,133,-4,-2,1024,NW,4.47,0,0
2010/11/17 16:00,472,-2,9,1021,cv,0.89,0,0
2010/11/18 0:00,521,-3,-1,1022,NE,0.89,0,0
2010/11/18 8:00,339,-1,0,1021,NW,8.05,0,0
2010/11/18 16:00,324,2,8,1018,SE,7.6,0,0
2010/11/19 0:00,535,2,3,1018,NW,0.89,0,0
2010/11/19 8:00,466,1,2,1017,NW,18.33,0,0
2010/11/19 16:00,135,0,10,1011,cv,0.89,0,0
2010/11/20 0:00,454,0,1,1012,NE,0.89,0,0
2010/11/20 8:00,262,-1,3,1013,NW,15.2,0,0
2010/11/20 16:00,217,0,11,1009,SE,0.89,0,0
2010/11/21 0:00,433,1,2,1009,NE,0.89,0,0
2010/11/21 8:00,139,-7,10,1012,NW,29.96,0,0
2010/11/21 16:00,10,-13,9,1017,NW,126.06,0,0
2010/11/22 0:00,19,-11,1,1021,SE,1.79,0,0
2010/11/22 8:00,69,-8,-2,1022,NW,3.58,0,0
2010/11/22 16:00,43,-12,8,1020,SE,3.13,0,0
2010/11/23 0:00,228,-7,-3,1022,SE,0.89,0,0
2010/11/23 8:00,232,-5,-1,1021,NE,0.89,0,0
2010/11/23 16:00,208,-7,7,1018,cv,0.89,0,0
2010/11/24 0:00,256,-6,-1,1020,NW,9.84,0,0
2010/11/24 8:00,19,-14,5,1023,NW,14.75,0,0
2010/11/24 16:00,13,-16,6,1026,NW,90.31,0,0
2010/11/25 0:00,16,-13,-4,1029,NW,4.92,0,0
2010/11/25 8:00,62,-11,-4,1028,NW,1.79,0,0
2010/11/25 16:00,52,-14,6,1022,SE,16.09,0,0
2010/11/26 0:00,142,-9,-2,1024,NW,2.68,0,0
2010/11/26 8:00,94,-9,-6,1020,cv,0.89,0,0
2010/11/26 16:00,135,-12,4,1012,NW,1.79,0,0
2010/11/27 0:00,43,-21,7,1015,NW,27.72,0,0
2010/11/27 8:00,19,-21,0,1024,NW,105.05,0,0
2010/11/27 16:00,12,-20,3,1024,NW,166.3,0,0
2010/11/28 0:00,47,-11,-5,1026,SE,1.79,0,0
2010/11/28 8:00,97,-12,-6,1022,NE,1.79,0,0
2010/11/28 16:00,202,-12,4,1019,NE,3.58,0,0
2010/11/29 0:00,443,-9,-5,1021,cv,2.67,0,0
2010/11/29 8:00,144,-5,0,1020,NW,9.39,0,0
2010/11/29 16:00,111,-1,4,1017,cv,1.78,0,0
2010/11/30 0:00,236,-3,-2,1020,NW,6.26,0,0
2010/11/30 8:00,164,-5,-4,1020,cv,2.67,0,0
2010/11/30 16:00,237,0,2,1016,SE,0.89,0,0
2010/12/1 0:00,259,0,1,1017,cv,0.89,0,0
2010/12/1 8:00,235,-1,0,1015,cv,0.89,0,0
2010/12/1 16:00,259,-1,1,1010,cv,3.56,0,0
2010/12/2 0:00,270,-2,0,1012,NW,15.2,0,0
2010/12/2 8:00,71,-14,8,1016,NW,57.21,0,0
2010/12/2 16:00,12,-18,2,1023,NW,159.59,0,0
2010/12/3 0:00,15,-15,-3,1027,NE,4.02,0,0
2010/12/3 8:00,41,-12,-7,1025,NE,2.67,0,0
2010/12/3 16:00,71,-12,3,1019,NE,1.79,0,0
2010/12/4 0:00,193,-10,-5,1015,NW,4.92,0,0
2010/12/4 8:00,133,-9,-5,1013,cv,0.89,0,0
2010/12/4 16:00,127,-10,6,1009,cv,2.67,0,0
2010/12/5 0:00,322,-7,-1,1012,NW,1.79,0,0
2010/12/5 8:00,113,-8,2,1016,NW,28.61,0,0
2010/12/5 16:00,11,-10,9,1023,NW,41.55,0,0
2010/12/6 0:00,11,-15,2,1032,NW,104.13,0,0
2010/12/6 8:00,15,-16,-1,1034,NW,186.82,0,0
2010/12/6 16:00,13,-21,4,1029,NW,255.65,0,0
2010/12/7 0:00,61,-17,2,1025,SE,17.88,0,0
2010/12/7 8:00,127,-11,-3,1020,SE,4.47,0,0
2010/12/7 16:00,46,-17,6,1012,SE,17.88,0,0
2010/12/8 0:00,93,-11,-1,1012,SE,0.89,0,0
2010/12/8 8:00,19,-9,-2,1017,NE,3.58,0,0
2010/12/8 16:00,9,-15,7,1015,NW,11.18,0,0
2010/12/9 0:00,116,-10,-2,1016,SE,4.47,0,0
2010/12/9 8:00,185,-8,-3,1014,SE,3.58,0,0
2010/12/9 16:00,220,-9,4,1007,SE,4.92,0,0
2010/12/10 0:00,230,-7,-2,1004,NW,10.29,0,0
2010/12/10 8:00,221,-6,2,1002,SE,5.81,0,0
2010/12/10 16:00,19,-18,2,1014,NW,119.81,0,0
2010/12/11 0:00,17,-18,-4,1023,NW,182.84,0,0
2010/12/11 8:00,23,-15,-6,1024,SE,3.13,0,0
2010/12/11 16:00,46,-17,1,1018,SE,42.47,0,0
2010/12/12 0:00,109,-11,-5,1017,SE,0.89,0,0
2010/12/12 8:00,107,-10,-5,1016,NW,13.41,0,0
2010/12/12 16:00,117,-11,2,1018,NW,1.79,0,0
2010/12/13 0:00,140,-13,-1,1025,NE,12.96,0,0
2010/12/13 8:00,13,-22,-6,1030,NE,69.28,0,0
2010/12/13 16:00,18,-24,-4,1029,NE,115.77,0,0
2010/12/14 0:00,16,-23,-8,1034,NE,24.14,0,0
2010/12/14 8:00,23,-21,-11,1035,NW,23.69,0,0
2010/12/14 16:00,16,-23,-4,1033,NW,80,0,0
2010/12/15 0:00,11,-24,-9,1037,NW,130.07,0,0
2010/12/15 8:00,18,-26,-12,1036,NW,191.31,0,0
2010/12/15 16:00,24,-24,-5,1030,NW,262.4,0,0
2010/12/16 0:00,20,-24,-4,1026,NW,19.67,0,0
2010/12/16 8:00,39,-19,-7,1021,cv,0.89,0,0
2010/12/16 16:00,81,-21,1,1012,SE,4.92,0,0
2010/12/17 0:00,55,-18,-1,1012,NW,7.15,0,0
2010/12/17 8:00,71,-15,-8,1014,NW,2.68,0,0
2010/12/17 16:00,87,-17,5,1012,SE,25.02,0,0
2010/12/18 0:00,374,-13,-6,1014,NW,3.58,0,0
2010/12/18 8:00,242,-13,-8,1013,cv,0.89,0,0
2010/12/18 16:00,255,-13,4,1010,cv,1.78,0,0
2010/12/19 0:00,528,-11,-5,1015,NW,0.89,0,0
2010/12/19 8:00,72,-17,5,1015,NW,16.54,0,0
2010/12/19 16:00,16,-12,10,1016,NW,77.33,0,0
2010/12/20 0:00,161,-12,-2,1019,NW,1.79,0,0
2010/12/20 8:00,254,-11,-6,1019,cv,1.78,0,0
2010/12/20 16:00,117,-13,9,1015,SE,11.18,0,0
2010/12/21 0:00,410,-11,-3,1015,NE,0.89,0,0
2010/12/21 8:00,266,-10,-5,1013,SE,0.89,0,0
2010/12/21 16:00,474,-5,4,1011,SE,2.68,0,0
2010/12/22 0:00,570,-7,-5,1013,cv,7.12,0,0
2010/12/22 8:00,67,-10,0,1017,NW,32.64,0,0
2010/12/22 16:00,14,-16,6,1020,NW,70.64,0,0
2010/12/23 0:00,10,-16,-1,1028,NE,36.21,0,0
2010/12/23 8:00,21,-26,-7,1035,NW,56.33,0,0
2010/12/23 16:00,24,-28,-6,1036,NE,3.13,0,0
2010/12/24 0:00,32,-25,-10,1040,NE,10.28,0,0
2010/12/24 8:00,21,-26,-13,1041,NW,8.04,0,0
2010/12/24 16:00,23,-24,-5,1034,NE,3.58,0,0
2010/12/25 0:00,135,-23,-10,1032,cv,0.89,0,0
2010/12/25 8:00,19,-23,-11,1031,cv,0.89,0,0
2010/12/25 16:00,20,-22,-4,1023,NE,8.94,0,0
2010/12/26 0:00,163,-20,-11,1021,NW,3.58,0,0
2010/12/26 8:00,27,-17,-5,1018,NW,28.62,0,0
2010/12/26 16:00,43,-19,1,1013,SE,4.02,0,0
2010/12/27 0:00,81,-17,-9,1012,NW,3.13,0,0
2010/12/27 8:00,124,-16,-11,1011,NW,1.79,0,0
2010/12/27 16:00,31,-15,5,1009,NW,48.73,0,0
2010/12/28 0:00,16,-20,-4,1016,NW,112.65,0,0
2010/12/28 8:00,14,-20,-5,1018,NW,162.26,0,0
2010/12/28 16:00,14,-21,1,1019,NW,208.3,0,0
2010/12/29 0:00,73,-18,-6,1021,NW,3.13,0,0
2010/12/29 8:00,49,-16,-5,1019,NW,4.02,0,0
2010/12/29 16:00,20,-18,-2,1022,NW,64.36,0,0
2010/12/30 0:00,17,-21,-7,1027,NW,133.21,0,0
2010/12/30 8:00,10,-24,-8,1025,NW,190.44,0,0
2010/12/30 16:00,19,-22,-5,1024,NW,276.72,0,0
2010/12/31 0:00,20,-24,-9,1028,NW,359.87,0,0
2010/12/31 8:00,18,-23,-9,1029,NW,424.25,0,0
2010/12/31 16:00,18,-20,-4,1029,NW,508.72,0,0
2011/1/1 0:00,0,-21,-9,1033,NW,570.41,0,0
2011/1/1 8:00,0,-20,-8,1036,NW,11.18,0,0
2011/1/1 16:00,0,-18,-1,1034,NW,46.94,0,0
2011/1/2 0:00,36,-17,-7,1037,NW,75.1,0,0
2011/1/2 8:00,22,-18,-7,1037,NE,8.94,0,0
2011/1/2 16:00,37,-17,-1,1033,cv,4.46,0,0
2011/1/3 0:00,65,-15,-7,1033,NE,0.89,0,0
2011/1/3 8:00,155,-15,-9,1032,NW,2.68,0,0
2011/1/3 16:00,184,-15,-2,1029,cv,0.89,0,0
2011/1/4 0:00,233,-15,-10,1029,NW,2.68,0,0
2011/1/4 8:00,59,-16,-11,1028,NW,1.79,0,0
2011/1/4 16:00,61,-16,2,1024,NW,13.86,0,0
2011/1/5 0:00,28,-19,-5,1029,NW,75.55,0,0
2011/1/5 8:00,19,-22,-7,1032,NW,146.16,0,0
2011/1/5 16:00,18,-20,-2,1031,NW,218.57,0,0
2011/1/6 0:00,13,-19,-6,1037,NW,282.95,0,0
2011/1/6 8:00,9,-20,-9,1040,NW,325.42,0,0
2011/1/6 16:00,13,-18,-2,1037,NW,392.47,0,0
2011/1/7 0:00,18,-18,-6,1037,NW,432.7,0,0
2011/1/7 8:00,44,-19,-8,1035,NW,13.41,0,0
2011/1/7 16:00,56,-18,0,1026,SE,4.92,0,0
2011/1/8 0:00,120,-14,-7,1025,SE,0.89,0,0
2011/1/8 8:00,25,-14,-3,1026,NW,18.78,0,0
2011/1/8 16:00,0,-18,-1,1029,NW,93.42,0,0
2011/1/9 0:00,0,-22,-6,1037,NW,184.16,0,0
2011/1/9 8:00,0,-22,-8,1039,NW,260.15,0,0
2011/1/9 16:00,0,-22,-3,1035,NW,328.1,0,0
2011/1/10 0:00,0,-21,-5,1034,NW,369.22,0,0
2011/1/10 8:00,0,-22,-10,1032,NW,4.02,0,0
2011/1/10 16:00,43,-22,0,1024,NW,33.08,0,0
2011/1/11 0:00,105,-19,-7,1021,cv,1.78,0,0
2011/1/11 8:00,14,-20,-6,1023,NW,25.48,0,0
2011/1/11 16:00,12,-20,-1,1023,NW,88.97,0,0
2011/1/12 0:00,45,-22,-6,1025,NW,1.79,0,0
2011/1/12 8:00,59,-20,-13,1026,SE,0.89,0,0
2011/1/12 16:00,89,-20,0,1022,SE,10.28,0,0
2011/1/13 0:00,144,-19,-10,1022,SE,0.89,0,0
2011/1/13 8:00,168,-18,-9,1023,cv,0.89,0,0
2011/1/13 16:00,75,-21,3,1021,NW,31.73,0,0
2011/1/14 0:00,27,-17,-2,1027,NW,8.05,0,0
2011/1/14 8:00,16,-20,-7,1034,NW,63.92,0,0
2011/1/14 16:00,13,-22,-1,1032,NW,114.88,0,0
2011/1/15 0:00,11,-25,-9,1040,NW,182.38,0,0
2011/1/15 8:00,11,-27,-10,1042,NW,256.59,0,0
2011/1/15 16:00,14,-23,-4,1037,NW,322.76,0,0
2011/1/16 0:00,29,-24,-12,1038,NW,6.26,0,0
2011/1/16 8:00,11,-24,-12,1038,NW,4.47,0,0
2011/1/16 16:00,39,-20,-3,1034,NW,1.79,0,0
2011/1/17 0:00,107,-20,-11,1036,NW,5.81,0,0
2011/1/17 8:00,30,-21,-11,1037,NW,33.52,0,0
2011/1/17 16:00,18,-20,-3,1033,NW,88.95,0,0
2011/1/18 0:00,12,-22,-10,1035,NE,1.79,0,0
2011/1/18 8:00,24,-23,-13,1035,NW,24.14,0,0
2011/1/18 16:00,19,-22,-3,1031,NW,67.5,0,0
2011/1/19 0:00,22,-22,-9,1034,NW,101.91,0,0
2011/1/19 8:00,14,-23,-11,1034,NE,1.79,0,0
2011/1/19 16:00,13,-22,-1,1030,NW,46.48,0,0
2011/1/20 0:00,17,-22,-8,1033,NW,1.79,0,0
2011/1/20 8:00,15,-21,-11,1033,NW,15.2,0,0
2011/1/20 16:00,47,-22,-1,1028,SE,1.79,0,0
2011/1/21 0:00,124,-21,-8,1029,NW,1.79,0,0
2011/1/21 8:00,31,-21,-10,1029,NE,4.02,0,0
2011/1/21 16:00,37,-20,2,1026,NW,4.92,0,0
2011/1/22 0:00,191,-19,-11,1029,NW,4.92,0,0
2011/1/22 8:00,88,-18,-10,1029,NW,15.2,0,0
2011/1/22 16:00,48,-18,0,1026,NW,32.19,0,0
2011/1/23 0:00,11,-22,-7,1032,NW,88.52,0,0
2011/1/23 8:00,12,-22,-8,1033,NW,139.03,0,0
2011/1/23 16:00,16,-20,-2,1031,NW,206.55,0,0
2011/1/24 0:00,9,-21,-8,1034,NW,261.53,0,0
2011/1/24 8:00,43,-21,-13,1034,NW,11.18,0,0
2011/1/24 16:00,63,-19,0,1031,SE,3.13,0,0
2011/1/25 0:00,109,-20,-10,1031,NE,4.45,0,0
2011/1/25 8:00,11,-20,-6,1034,NW,27.73,0,0
2011/1/25 16:00,17,-21,0,1034,NW,89.42,0,0
2011/1/26 0:00,34,-21,-9,1039,NW,3.58,0,0
2011/1/26 8:00,82,-19,-11,1040,NW,20.58,0,0
2011/1/26 16:00,83,-20,0,1036,cv,0.89,0,0
2011/1/27 0:00,128,-19,-9,1041,NW,9.39,0,0
2011/1/27 8:00,18,-20,-7,1043,NE,5.81,0,0
2011/1/27 16:00,13,-21,-3,1040,NE,9.39,0,0
2011/1/28 0:00,32,-21,-7,1041,NW,12.97,0,0
2011/1/28 8:00,27,-20,-10,1039,SE,1.79,0,0
2011/1/28 16:00,12,-22,-1,1034,NW,53.2,0,0
2011/1/29 0:00,3,-23,-7,1037,NW,92.54,0,0
2011/1/29 8:00,8,-24,-11,1037,NW,128.31,0,0
2011/1/29 16:00,13,-22,-1,1034,NW,40.24,0,0
2011/1/30 0:00,21,-22,-5,1036,NW,82.26,0,0
2011/1/30 8:00,17,-21,-6,1036,NW,125.17,0,0
2011/1/30 16:00,11,-21,3,1030,NW,189.09,0,0
2011/1/31 0:00,21,-18,-3,1032,NW,4.92,0,0
2011/1/31 8:00,43,-18,-8,1031,NW,7.15,0,0
2011/1/31 16:00,18,-19,8,1025,NW,52.29,0,0
2011/2/1 0:00,33,-17,-4,1025,NW,80.9,0,0
2011/2/1 8:00,44,-17,-3,1024,NE,7.15,0,0
2011/2/1 16:00,28,-21,8,1020,NW,28.16,0,0
2011/2/2 0:00,84,-20,-2,1021,NW,61.23,0,0
2011/2/2 8:00,48,-18,-4,1021,NW,14.3,0,0
2011/2/2 16:00,34,-16,5,1020,NW,57.66,0,0
2011/2/3 0:00,75,-17,-4,1024,NW,107.73,0,0
2011/2/3 8:00,39,-16,-5,1024,NE,3.13,0,0
2011/2/3 16:00,78,-19,6,1018,SE,8.05,0,0
2011/2/4 0:00,299,-15,-6,1019,NE,0.89,0,0
2011/2/4 8:00,77,-15,0,1021,NW,16.99,0,0
2011/2/4 16:00,32,-12,7,1021,SE,3.13,0,0
2011/2/5 0:00,43,-12,-6,1025,SE,25.92,0,0
2011/2/5 8:00,90,-11,-5,1022,NE,0.89,0,0
2011/2/5 16:00,147,-9,2,1014,cv,1.78,0,0
2011/2/6 0:00,220,-9,-2,1017,NW,8.04,0,0
2011/2/6 8:00,31,-10,-1,1023,NW,1.79,0,0
2011/2/6 16:00,29,-9,10,1019,SE,4.02,0,0
2011/2/7 0:00,93,-10,0,1020,SE,12.97,0,0
2011/2/7 8:00,118,-9,-2,1017,cv,2.23,0,0
2011/2/7 16:00,146,-12,3,1011,SE,16.98,0,0
2011/2/8 0:00,208,-10,-6,1012,cv,2.68,0,0
2011/2/8 8:00,119,-11,-4,1014,NW,20.12,0,0
2011/2/8 16:00,27,-14,7,1017,SE,4.02,0,0
2011/2/9 0:00,84,-13,-4,1023,NE,2.68,0,0
2011/2/9 8:00,208,-8,-7,1028,NE,0.89,0,0
2011/2/9 16:00,68,-8,2,1025,SE,17.88,0,0
2011/2/10 0:00,31,-5,-4,1028,SE,47.38,2,0
2011/2/10 8:00,52,-6,-5,1028,SE,68.4,10,0
2011/2/10 16:00,78,-5,-2,1026,SE,85.4,18,0
2011/2/11 0:00,107,-5,-3,1028,NE,1.78,0,0
2011/2/11 8:00,82,-8,-6,1029,cv,0.89,0,0
2011/2/11 16:00,12,-16,-1,1030,NW,91.65,0,0
2011/2/12 0:00,7,-18,-9,1035,NE,3.13,0,0
2011/2/12 8:00,16,-19,-9,1035,NE,3.13,0,0
2011/2/12 16:00,41,-16,-3,1029,SE,8.05,0,0
2011/2/13 0:00,50,-7,-6,1030,SE,31.3,3,0
2011/2/13 8:00,72,-8,-7,1031,NE,6.26,11,0
2011/2/13 16:00,82,-9,-2,1030,cv,1.78,0,0
2011/2/14 0:00,11,-18,-7,1033,NW,16.09,0,0
2011/2/14 8:00,33,-18,-9,1034,NE,4.02,0,0
2011/2/14 16:00,53,-18,1,1030,SE,3.58,0,0
2011/2/15 0:00,102,-13,-9,1030,SE,3.57,0,0
2011/2/15 8:00,117,-14,-11,1029,NE,1.78,0,0
2011/2/15 16:00,216,-8,1,1024,SE,3.58,0,0
2011/2/16 0:00,335,-10,-7,1025,NW,3.58,0,0
2011/2/16 8:00,258,-9,-7,1023,NE,0.89,0,0
2011/2/16 16:00,234,-6,2,1020,cv,0.89,0,0
2011/2/17 0:00,294,-6,-4,1023,NE,0.89,0,0
2011/2/17 8:00,237,-6,-3,1026,NW,20.56,0,0
2011/2/17 16:00,49,-9,8,1024,cv,0.89,0,0
2011/2/18 0:00,411,-7,-3,1028,SE,2.68,0,0
2011/2/18 8:00,51,-10,-4,1029,NW,9.39,0,0
2011/2/18 16:00,140,-10,7,1024,SE,9.39,0,0
2011/2/19 0:00,264,-7,-3,1025,NE,0.89,0,0
2011/2/19 8:00,166,-10,-2,1026,NW,19.67,0,0
2011/2/19 16:00,131,-10,11,1022,cv,3.13,0,0
2011/2/20 0:00,288,-6,-3,1025,SE,0.89,0,0
2011/2/20 8:00,113,-8,-5,1028,NW,0.89,0,0
2011/2/20 16:00,526,-4,9,1026,SE,5.37,0,0
2011/2/21 0:00,527,-4,-2,1026,cv,4.9,0,0
2011/2/21 8:00,515,-6,-5,1027,NE,0.89,0,0
2011/2/21 16:00,477,-4,7,1022,SE,1.79,0,0
2011/2/22 0:00,499,-6,-4,1024,NE,0.89,0,0
2011/2/22 8:00,434,-5,-3,1023,NW,9.83,0,0
2011/2/22 16:00,369,-5,8,1017,cv,0.89,0,0
2011/2/23 0:00,399,-4,0,1018,cv,4.01,0,0
2011/2/23 8:00,420,-4,-1,1017,NW,7.6,0,0
2011/2/23 16:00,397,-3,9,1012,cv,0.89,0,0
2011/2/24 0:00,418,-3,2,1016,NW,22.35,0,0
2011/2/24 8:00,119,-8,3,1022,NW,48.27,0,0
2011/2/24 16:00,28,-19,11,1022,NW,12.96,0,0
2011/2/25 0:00,55,-6,-1,1030,SE,21.91,0,0
2011/2/25 8:00,95,-4,-3,1033,NE,0.89,0,0
2011/2/25 16:00,53,-10,6,1030,SE,11.63,0,0
2011/2/26 0:00,42,-13,1,1031,SE,41.13,0,0
2011/2/26 8:00,58,-3,-3,1028,SE,5.37,5,0
2011/2/26 16:00,111,-3,0,1023,cv,4.45,0,0
2011/2/27 0:00,125,-3,-1,1026,NE,0.89,0,0
2011/2/27 8:00,59,-2,-1,1029,NE,7.15,3,0
2011/2/27 16:00,35,-7,2,1026,NE,54.97,0,0
2011/2/28 0:00,25,-9,-2,1027,NW,1.79,0,0
2011/2/28 8:00,37,-9,-2,1029,NW,16.99,0,0
2011/2/28 16:00,15,-12,6,1024,NW,55.88,0,0
2011/3/1 0:00,12,-11,-1,1028,NW,93.44,0,0
2011/3/1 8:00,17,-15,-2,1029,NW,24.6,0,0
2011/3/1 16:00,17,-17,7,1022,NW,73.77,0,0
2011/3/2 0:00,9,-18,1,1026,NW,115.78,0,0
2011/3/2 8:00,33,-12,-3,1028,NW,1.79,0,0
2011/3/2 16:00,32,-17,8,1022,NW,34.42,0,0
2011/3/3 0:00,9,-16,1,1028,NW,81.8,0,0
2011/3/3 8:00,13,-15,1,1029,NW,124.72,0,0
2011/3/3 16:00,12,-16,9,1025,NW,179.24,0,0
2011/3/4 0:00,43,-13,3,1025,NW,6.26,0,0
2011/3/4 8:00,83,-9,-1,1025,NE,0.89,0,0
2011/3/4 16:00,42,-14,11,1019,SE,8.05,0,0
2011/3/5 0:00,69,-8,6,1018,SE,34.42,0,0
2011/3/5 8:00,79,-4,4,1017,SE,61.24,0,0
2011/3/5 16:00,92,-5,13,1014,SE,11.17,0,0
2011/3/6 0:00,55,-11,6,1021,NW,6.26,0,0
2011/3/6 8:00,19,-10,5,1026,NW,63.48,0,0
2011/3/6 16:00,17,-17,11,1023,NE,4.92,0,0
2011/3/7 0:00,0,-15,3,1027,NW,30.85,0,0
2011/3/7 8:00,21,-14,4,1027,NW,16.09,0,0
2011/3/7 16:00,16,-17,10,1020,NW,81.36,0,0
2011/3/8 0:00,0,-16,5,1022,NW,129.19,0,0
2011/3/8 8:00,21,-16,4,1024,NW,178.37,0,0
2011/3/8 16:00,24,-16,9,1021,SE,4.92,0,0
2011/3/9 0:00,0,-16,4,1028,NW,29.07,0,0
2011/3/9 8:00,35,-14,2,1031,NE,2.68,0,0
2011/3/9 16:00,17,-19,12,1024,NW,43.36,0,0
2011/3/10 0:00,66,-13,5,1023,cv,1.79,0,0
2011/3/10 8:00,112,-12,3,1025,cv,1.78,0,0
2011/3/10 16:00,22,-14,16,1019,NW,24.14,0,0
2011/3/11 0:00,48,-16,6,1022,NW,1.79,0,0
2011/3/11 8:00,85,-12,3,1021,NW,4.47,0,0
2011/3/11 16:00,116,-9,13,1013,SE,22.8,0,0
2011/3/12 0:00,263,-6,5,1012,cv,1.78,0,0
2011/3/12 8:00,271,-4,3,1010,NW,5.37,0,0
2011/3/12 16:00,225,-3,17,1007,SE,12.97,0,0
2011/3/13 0:00,379,-3,4,1009,NE,0.89,0,0
2011/3/13 8:00,332,-2,6,1010,NW,7.6,0,0
2011/3/13 16:00,24,-6,17,1013,NW,57.66,0,0
2011/3/14 0:00,8,-14,6,1027,NE,7.15,0,0
2011/3/14 8:00,12,-15,5,1031,NW,38.89,0,0
2011/3/14 16:00,25,-20,8,1027,NW,100.13,0,0
2011/3/15 0:00,16,-18,5,1031,NW,173.45,0,0
2011/3/15 8:00,12,-19,2,1031,NW,242.74,0,0
2011/3/15 16:00,21,-19,10,1022,NW,295.92,0,0
2011/3/16 0:00,18,-16,4,1026,NW,356.26,0,0
2011/3/16 8:00,19,-15,2,1027,NE,3.13,0,0
2011/3/16 16:00,27,-13,11,1021,SE,16.98,0,0
2011/3/17 0:00,105,-12,1,1021,NE,0.89,0,0
2011/3/17 8:00,107,-9,2,1021,NE,0.89,0,0
2011/3/17 16:00,96,-10,17,1014,SE,15.19,0,0
2011/3/18 0:00,0,-6,5,1013,SE,3.13,0,0
2011/3/18 8:00,0,-4,7,1012,NE,5.37,0,0
2011/3/18 16:00,0,-14,14,1013,NW,63.03,0,0
2011/3/19 0:00,0,-10,3,1019,cv,0.45,0,0
2011/3/19 8:00,0,-6,3,1021,cv,1.34,0,0
2011/3/19 16:00,0,-12,14,1014,SE,25.94,0,0
2011/3/20 0:00,0,-4,7,1015,SE,50.08,0,0
2011/3/20 8:00,0,-3,6,1017,cv,0.89,0,0
2011/3/20 16:00,0,-5,9,1015,SE,40.24,0,0
2011/3/21 0:00,0,-6,0,1021,NE,0.89,0,0
2011/3/21 8:00,0,-16,4,1028,NW,33.53,0,0
2011/3/21 16:00,13,-24,9,1025,NW,93.42,0,0
2011/3/22 0:00,17,-24,3,1031,NW,159.58,0,0
2011/3/22 8:00,13,-22,3,1031,NW,7.15,0,0
2011/3/22 16:00,19,-19,11,1024,NW,59.91,0,0
2011/3/23 0:00,30,-17,1,1027,NW,94.78,0,0
2011/3/23 8:00,30,-18,6,1027,NW,127.85,0,0
2011/3/23 16:00,22,-17,10,1020,SE,9.83,0,0
2011/3/24 0:00,0,-20,7,1024,NW,35.76,0,0
2011/3/24 8:00,12,-19,4,1028,NW,104.6,0,0
2011/3/24 16:00,15,-18,12,1024,NW,169.88,0,0
2011/3/25 0:00,8,-19,7,1029,NW,222.63,0,0
2011/3/25 8:00,25,-15,7,1030,NW,16.98,0,0
2011/3/25 16:00,25,-13,13,1025,NE,8.94,0,0
2011/3/26 0:00,36,-10,4,1026,cv,0.89,0,0
2011/3/26 8:00,145,-7,5,1027,SE,1.79,0,0
2011/3/26 16:00,29,-13,15,1024,cv,5.81,0,0
2011/3/27 0:00,20,-16,9,1027,NW,32.64,0,0
2011/3/27 8:00,21,-16,10,1026,NW,80.92,0,0
2011/3/27 16:00,21,-13,18,1020,SE,3.13,0,0
2011/3/28 0:00,43,-9,8,1025,SE,14.76,0,0
2011/3/28 8:00,58,-9,8,1029,NW,8.5,0,0
2011/3/28 16:00,43,-10,15,1025,cv,7.16,0,0
2011/3/29 0:00,69,-3,5,1028,SE,25.93,0,0
2011/3/29 8:00,116,-3,6,1028,NW,3.13,0,0
2011/3/29 16:00,59,-10,21,1021,SE,7.15,0,0
2011/3/30 0:00,75,-6,8,1022,cv,0.89,0,0
2011/3/30 8:00,95,-5,9,1023,cv,1.78,0,0
2011/3/30 16:00,66,-8,22,1017,SE,20.56,0,0
2011/3/31 0:00,148,-3,12,1017,SE,8.5,0,0
2011/3/31 8:00,0,1,10,1017,cv,0.89,0,0
2011/3/31 16:00,179,3,21,1012,SE,3.13,0,0
2011/4/1 0:00,0,2,15,1017,NE,10.28,0,0
2011/4/1 8:00,18,-9,10,1026,NE,69.74,0,0
2011/4/1 16:00,23,-7,10,1028,NW,12.07,0,0
2011/4/2 0:00,0,1,4,1032,cv,1.78,0,7
2011/4/2 8:00,89,3,6,1032,NW,27.71,0,0
2011/4/2 16:00,92,-12,14,1026,cv,15.21,0,0
2011/4/3 0:00,79,-1,7,1027,cv,1.79,0,0
2011/4/3 8:00,156,-7,8,1028,NW,16.99,0,0
2011/4/3 16:00,170,-13,19,1022,cv,1.79,0,0
2011/4/4 0:00,65,-7,11,1023,SE,32.18,0,0
2011/4/4 8:00,132,-9,10,1025,NW,7.14,0,0
2011/4/4 16:00,124,-11,21,1021,SE,21,0,0
2011/4/5 0:00,146,-7,11,1024,SE,54.07,0,0
2011/4/5 8:00,231,-3,11,1025,SE,2.68,0,0
2011/4/5 16:00,253,-4,18,1019,SE,52.75,0,0
2011/4/6 0:00,220,-3,12,1019,SE,80.47,0,0
2011/4/6 8:00,158,2,11,1017,SE,1.78,0,0
2011/4/6 16:00,0,3,17,1013,SE,39.34,0,0
2011/4/7 0:00,0,4,11,1015,SE,61.25,0,0
2011/4/7 8:00,0,-2,13,1019,NW,14.75,0,0
2011/4/7 16:00,0,-14,19,1016,NW,84.04,0,0
2011/4/8 0:00,0,-13,8,1023,NW,132.77,0,0
2011/4/8 8:00,0,-11,11,1023,NW,1.79,0,0
2011/4/8 16:00,39,-10,20,1014,SE,42.01,0,0
2011/4/9 0:00,69,-6,13,1014,SE,79.12,0,0
2011/4/9 8:00,0,-3,12,1014,NE,1.79,0,0
2011/4/9 16:00,102,-7,25,1008,SE,18.33,0,0
2011/4/10 0:00,0,-5,15,1016,NE,28.17,0,0
2011/4/10 8:00,17,-17,12,1025,NW,17.88,0,0
2011/4/10 16:00,11,-19,19,1020,NW,14.3,0,0
2011/4/11 0:00,0,-19,10,1023,NW,56.31,0,0
2011/4/11 8:00,24,-15,14,1024,NW,3.13,0,0
2011/4/11 16:00,12,-14,22,1017,SE,4.92,0,0
2011/4/12 0:00,51,-9,16,1017,cv,3.13,0,0
2011/4/12 8:00,103,-4,12,1016,cv,0.89,0,0
2011/4/12 16:00,73,-6,25,1009,SE,23.24,0,0
2011/4/13 0:00,196,1,13,1011,cv,0.89,0,0
2011/4/13 8:00,169,5,16,1013,cv,0.89,0,0
2011/4/13 16:00,152,6,24,1008,SE,20.11,0,0
2011/4/14 0:00,163,6,16,1009,cv,2.67,0,0
2011/4/14 8:00,184,7,17,1007,NW,6.71,0,0
2011/4/14 16:00,0,-5,31,1000,NW,8.05,0,0
2011/4/15 0:00,53,0,19,1002,NW,8.05,0,0
2011/4/15 8:00,0,-4,20,1011,NW,8.94,0,0
2011/4/15 16:00,25,-6,23,1012,NE,29.51,0,0
2011/4/16 0:00,36,-3,11,1019,SE,19.67,0,0
2011/4/16 8:00,0,-2,12,1019,SE,3.13,0,0
2011/4/16 16:00,87,-2,24,1009,SE,36.21,0,0
2011/4/17 0:00,0,1,19,1007,SE,86.27,0,0
2011/4/17 8:00,16,-4,17,1011,NW,48.27,0,0
2011/4/17 16:00,44,-8,17,1013,NW,130.06,0,0
2011/4/18 0:00,0,-14,10,1017,NW,187.27,0,0
2011/4/18 8:00,4,-13,14,1018,NW,12.97,0,0
2011/4/18 16:00,10,-10,21,1015,NE,7.15,0,0
2011/4/19 0:00,56,0,10,1020,SE,4.92,0,0
2011/4/19 8:00,103,1,12,1021,SE,3.58,0,0
2011/4/19 16:00,68,-5,22,1013,SE,34.88,0,0
2011/4/20 0:00,82,2,13,1012,SE,57.24,0,0
2011/4/20 8:00,136,4,14,1010,SE,1.79,0,0
2011/4/20 16:00,141,6,22,1006,SE,16.1,0,0
2011/4/21 0:00,175,7,17,1008,NE,5.37,0,0
2011/4/21 8:00,169,3,17,1013,NE,1.79,0,0
2011/4/21 16:00,0,7,13,1017,NE,39.34,0,0
2011/4/22 0:00,74,6,7,1019,cv,0.89,0,0
2011/4/22 8:00,0,7,11,1018,NW,4.92,0,0
2011/4/22 16:00,28,3,15,1014,NW,5.81,0,0
2011/4/23 0:00,49,7,10,1014,SE,10.73,0,0
2011/4/23 8:00,0,7,11,1014,NW,1.79,0,0
2011/4/23 16:00,0,0,18,1012,cv,1.79,0,0
2011/4/24 0:00,0,-2,13,1015,NW,66.16,0,0
2011/4/24 8:00,17,-2,15,1014,NW,115.78,0,0
2011/4/24 16:00,23,-6,22,1006,NW,8.94,0,0
2011/4/25 0:00,0,2,12,1006,SE,13.42,0,0
2011/4/25 8:00,122,3,13,1004,cv,0.89,0,0
2011/4/25 16:00,117,5,18,1001,SE,24.15,0,0
2011/4/26 0:00,103,7,11,1004,SE,40.68,0,0
2011/4/26 8:00,151,6,15,1003,SE,3.13,0,0
2011/4/26 16:00,15,4,14,1006,NW,15.2,0,0
2011/4/27 0:00,79,4,7,1008,NE,1.79,0,0
2011/4/27 8:00,29,3,14,1013,SE,1.79,0,0
2011/4/27 16:00,36,2,20,1009,SE,11.17,0,0
2011/4/28 0:00,61,4,12,1011,SE,41.12,0,0
2011/4/28 8:00,93,4,13,1009,SE,5.37,0,0
2011/4/28 16:00,0,5,22,1002,SE,12.52,0,0
2011/4/29 0:00,165,8,16,1002,cv,0.89,0,0
2011/4/29 8:00,166,10,15,1000,NW,1.79,0,0
2011/4/29 16:00,157,10,19,998,SE,21.02,0,0
2011/4/30 0:00,178,12,13,1000,cv,1.78,0,0
2011/4/30 8:00,200,12,13,999,SE,16.55,0,0
2011/4/30 16:00,41,-2,19,1001,NW,66.15,0,0
2011/5/1 0:00,164,-3,17,1007,NW,139.46,0,0
2011/5/1 8:00,99,-1,20,1011,NW,194,0,0
2011/5/1 16:00,39,-3,26,1009,NW,247.64,0,0
2011/5/2 0:00,38,1,18,1012,NW,8.05,0,0
2011/5/2 8:00,23,-1,19,1012,NW,6.71,0,0
2011/5/2 16:00,41,-9,26,1009,NW,94.33,0,0
2011/5/3 0:00,13,-9,15,1015,NW,128.3,0,0
2011/5/3 8:00,13,-3,19,1017,NE,3.13,0,0
2011/5/3 16:00,36,0,24,1012,SE,1.79,0,0
2011/5/4 0:00,68,4,17,1014,SE,31.29,0,0
2011/5/4 8:00,50,8,15,1013,SE,51.86,0,0
2011/5/4 16:00,43,9,15,1007,SE,81.36,0,0
2011/5/5 0:00,98,9,12,1005,cv,0.89,0,1
2011/5/5 8:00,147,12,13,1001,cv,0.89,0,0
2011/5/5 16:00,59,-6,23,1001,NW,30.84,0,0
2011/5/6 0:00,97,4,12,1004,cv,1.78,0,0
2011/5/6 8:00,55,0,20,1003,NW,1.79,0,0
2011/5/6 16:00,30,-5,27,1000,NW,72.86,0,0
2011/5/7 0:00,40,6,16,1005,cv,0.89,0,0
2011/5/7 8:00,27,5,19,1009,NW,4.02,0,0
2011/5/7 16:00,45,3,26,1006,SE,7.15,0,0
2011/5/8 0:00,69,7,16,1012,SE,33.08,0,0
2011/5/8 8:00,82,7,18,1013,SE,5.8,0,0
2011/5/8 16:00,42,11,14,1009,SE,31.28,0,3
2011/5/9 0:00,76,12,13,1006,cv,0.89,0,0
2011/5/9 8:00,84,13,15,1006,NW,14.75,0,0
2011/5/9 16:00,23,4,25,1006,NW,3.13,0,0
2011/5/10 0:00,31,3,19,1009,NW,42.91,0,0
2011/5/10 8:00,44,5,19,1009,NW,12.07,0,0
2011/5/10 16:00,41,5,26,1006,SE,15.2,0,0
2011/5/11 0:00,80,13,16,1006,SE,45.6,0,0
2011/5/11 8:00,111,14,18,1007,cv,1.78,0,0
2011/5/11 16:00,183,-4,28,1004,NW,39.78,0,0
2011/5/12 0:00,51,-12,19,1010,NW,115.32,0,0
2011/5/12 8:00,60,-11,18,1009,NW,160.02,0,0
2011/5/12 16:00,11,1,24,1008,NW,233.78,0,0
2011/5/13 0:00,27,-2,19,1010,NW,286.54,0,0
2011/5/13 8:00,28,-3,22,1010,NW,8.05,0,0
2011/5/13 16:00,24,-5,26,1008,NW,112.2,0,0
2011/5/14 0:00,44,-6,21,1012,NW,168.97,0,0
2011/5/14 8:00,32,0,24,1010,SE,7.15,0,0
2011/5/14 16:00,22,-1,29,1004,SE,12.97,0,0
2011/5/15 0:00,53,4,19,1004,cv,0.89,0,0
2011/5/15 8:00,16,-1,22,1011,NE,16.54,0,0
2011/5/15 16:00,27,-1,25,1011,SE,3.13,0,0
2011/5/16 0:00,68,2,13,1017,SE,33.09,0,0
2011/5/16 8:00,66,4,17,1016,NW,6.71,0,0
2011/5/16 16:00,19,-1,29,1008,SE,22.79,0,0
2011/5/17 0:00,45,4,19,1006,SE,60.78,0,0
2011/5/17 8:00,140,11,19,1001,SE,4.92,0,0
2011/5/17 16:00,155,16,25,996,SE,28.17,0,0
2011/5/18 0:00,264,15,19,997,cv,0.89,0,0
2011/5/18 8:00,212,15,21,998,SE,4.92,0,0
2011/5/18 16:00,221,17,27,997,SE,6.71,0,0
2011/5/19 0:00,7,5,20,1007,NW,62.11,0,0
2011/5/19 8:00,11,1,19,1013,NW,110.4,0,0
2011/5/19 16:00,15,5,24,1008,SE,8.04,0,0
2011/5/20 0:00,28,6,19,1010,SE,44.69,0,0
2011/5/20 8:00,14,-6,17,1015,NW,59.91,0,0
2011/5/20 16:00,180,-3,20,1014,cv,0.89,0,0
2011/5/21 0:00,26,-1,14,1014,SE,16.1,0,0
2011/5/21 8:00,54,-3,19,1016,NW,24.14,0,0
2011/5/21 16:00,43,-5,26,1011,cv,4.02,0,0
2011/5/22 0:00,36,2,18,1012,SE,35.31,0,0
2011/5/22 8:00,115,6,18,1014,cv,0.89,0,0
2011/5/22 16:00,21,-2,30,1008,SE,39.78,0,0
2011/5/23 0:00,73,4,19,1011,SE,89.41,0,0
2011/5/23 8:00,149,11,19,1014,cv,0.89,0,0
2011/5/23 16:00,120,9,29,1011,SE,25.03,0,0
2011/5/24 0:00,53,8,20,1013,SE,67.04,0,0
2011/5/24 8:00,86,13,20,1015,SE,88.06,0,0
2011/5/24 16:00,63,8,28,1013,SE,125.16,0,0
2011/5/25 0:00,78,10,21,1014,SE,163.61,0,0
2011/5/25 8:00,72,12,22,1014,SE,188.2,0,0
2011/5/25 16:00,61,8,28,1011,SE,243.2,0,0
2011/5/26 0:00,88,12,20,1014,SE,8.05,0,0
2011/5/26 8:00,116,13,19,1013,SE,30.85,0,1
2011/5/26 16:00,0,9,23,1011,SE,77.78,0,2
2011/5/27 0:00,0,14,15,1014,cv,0.45,0,0
2011/5/27 8:00,0,14,18,1013,cv,0.89,0,0
2011/5/27 16:00,97,14,28,1009,SE,15.19,0,0
2011/5/28 0:00,153,17,20,1010,SE,41.56,0,0
2011/5/28 8:00,171,18,22,1011,SE,4.92,0,0
2011/5/28 16:00,105,12,32,1006,SE,40.69,0,0
2011/5/29 0:00,99,18,26,1008,SE,74.22,0,0
2011/5/29 8:00,99,18,23,1009,SE,9.39,0,0
2011/5/29 16:00,112,18,27,1006,cv,0.89,0,0
2011/5/30 0:00,96,15,23,1005,NW,1.79,0,0
2011/5/30 8:00,52,16,23,1004,NW,8.04,0,0
2011/5/30 16:00,26,7,31,1000,SE,4.92,0,0
2011/5/31 0:00,29,5,21,1002,cv,0.89,0,0
2011/5/31 8:00,9,8,23,1002,NW,52.31,0,0
2011/5/31 16:00,12,11,25,1002,NW,110.42,0,1
2011/6/1 0:00,12,9,21,1005,NW,160.94,0,0
2011/6/1 8:00,16,9,25,1008,NW,196.7,0,0
2011/6/1 16:00,17,5,31,1006,SE,3.13,0,0
2011/6/2 0:00,33,9,22,1008,SE,25.93,0,0
2011/6/2 8:00,98,13,23,1007,SE,1.79,0,0
2011/6/2 16:00,64,7,35,999,SE,20.56,0,0
2011/6/3 0:00,69,10,23,1001,NW,8.94,0,0
2011/6/3 8:00,34,1,25,1006,NW,8.94,0,0
2011/6/3 16:00,8,5,30,1003,SE,7.15,0,0
2011/6/4 0:00,53,8,20,1006,cv,0.89,0,0
2011/6/4 8:00,0,7,25,1008,NW,1.79,0,0
2011/6/4 16:00,40,6,32,1005,SE,14.75,0,0
2011/6/5 0:00,28,10,20,1007,SE,3.58,0,0
2011/6/5 8:00,133,13,24,1009,cv,0.89,0,0
2011/6/5 16:00,83,11,33,1004,SE,31.29,0,0
2011/6/6 0:00,75,14,25,1004,SE,3.58,0,0
2011/6/6 8:00,0,15,26,1001,cv,2.67,0,0
2011/6/6 16:00,86,17,29,998,NW,6.26,0,0
2011/6/7 0:00,163,18,21,998,SE,1.79,0,0
2011/6/7 8:00,241,18,24,998,cv,0.89,0,0
2011/6/7 16:00,69,14,36,993,SE,22.8,0,0
2011/6/8 0:00,66,19,23,996,cv,4.02,0,0
2011/6/8 8:00,20,18,23,999,NW,3.13,0,0
2011/6/8 16:00,26,15,33,998,SE,10.28,0,0
2011/6/9 0:00,53,19,23,1002,SE,36.65,0,0
2011/6/9 8:00,196,19,24,1005,cv,1.78,0,0
2011/6/9 16:00,76,15,32,1001,SE,16.09,0,0
2011/6/10 0:00,121,18,25,1000,SE,38.45,0,0
2011/6/10 8:00,173,17,25,1001,cv,2.68,0,0
2011/6/10 16:00,71,13,35,996,SE,25.92,0,0
2011/6/11 0:00,96,18,21,1004,SE,7.15,0,0
2011/6/11 8:00,96,18,22,1004,cv,1.78,0,0
2011/6/11 16:00,29,15,22,1002,SE,12.96,0,0
2011/6/12 0:00,20,13,21,1007,NW,8.04,0,0
2011/6/12 8:00,15,13,24,1008,NW,4.92,0,0
2011/6/12 16:00,14,8,34,1004,cv,5.81,0,0
2011/6/13 0:00,52,16,23,1006,SE,3.13,0,0
2011/6/13 8:00,119,17,23,1008,SE,3.58,0,0
2011/6/13 16:00,69,14,34,1004,SE,6.26,0,0
2011/6/14 0:00,132,18,25,1004,SE,31.29,0,0
2011/6/14 8:00,133,16,26,1004,SE,7.16,0,0
2011/6/14 16:00,220,19,34,1000,SE,29.94,0,0
2011/6/15 0:00,54,20,22,1002,NE,1.79,0,0
2011/6/15 8:00,171,19,24,1003,SE,1.79,0,0
2011/6/15 16:00,158,20,29,1001,SE,35.76,0,1
2011/6/16 0:00,154,18,21,1004,NW,1.79,0,2
2011/6/16 8:00,69,17,20,1007,cv,1.78,0,0
2011/6/16 16:00,123,18,23,1005,SE,14.31,0,0
2011/6/17 0:00,115,17,21,1008,SE,6.26,0,0
2011/6/17 8:00,102,17,24,1009,cv,0.89,0,0
2011/6/17 16:00,66,16,30,1006,cv,1.79,0,0
2011/6/18 0:00,151,19,22,1008,SE,18.32,0,0
2011/6/18 8:00,227,21,24,1007,cv,1.34,0,0
2011/6/18 16:00,110,15,33,1005,SE,8.04,0,0
2011/6/19 0:00,221,20,22,1008,SE,37.55,0,0
2011/6/19 8:00,199,20,23,1009,cv,1.78,0,0
2011/6/19 16:00,167,20,31,1005,SE,8.94,0,0
2011/6/20 0:00,222,18,23,1006,SE,34.85,0,0
2011/6/20 8:00,192,20,24,1006,cv,2.67,0,0
2011/6/20 16:00,104,15,35,1002,SE,13.86,0,0
2011/6/21 0:00,199,17,27,1003,SE,33.98,0,0
2011/6/21 8:00,172,20,27,1004,SE,51.42,0,0
2011/6/21 16:00,106,16,35,1000,SE,29.5,0,0
2011/6/22 0:00,166,18,27,1000,SE,55.87,0,0
2011/6/22 8:00,217,20,26,999,SE,1.79,0,0
2011/6/22 16:00,442,21,27,998,SE,7.16,0,0
2011/6/23 0:00,139,22,24,998,SE,1.79,0,2
2011/6/23 8:00,182,22,23,998,SE,12.97,0,0
2011/6/23 16:00,179,21,25,998,SE,45.14,0,1
2011/6/24 0:00,49,19,20,1005,NE,6.26,0,0
2011/6/24 8:00,8,17,19,1009,NW,26.82,0,0
2011/6/24 16:00,25,15,28,1008,SE,4.02,0,0
2011/6/25 0:00,51,17,21,1012,NW,4.92,0,0
2011/6/25 8:00,22,16,24,1013,NE,3.13,0,0
2011/6/25 16:00,22,12,31,1010,SE,3.58,0,0
2011/6/26 0:00,102,17,22,1009,SE,8.05,0,0
2011/6/26 8:00,52,15,24,1007,NW,21,0,0
2011/6/26 16:00,20,15,31,1000,NE,1.79,0,0
2011/6/27 0:00,72,16,23,999,NW,8.05,0,0
2011/6/27 8:00,127,19,25,999,cv,1.78,0,0
2011/6/27 16:00,39,15,30,998,SE,11.18,0,0
2011/6/28 0:00,108,18,24,1001,SE,33.08,0,0
2011/6/28 8:00,125,18,24,1003,cv,0.89,0,0
2011/6/28 16:00,166,19,33,1001,SE,11.17,0,0
2011/6/29 0:00,177,19,24,1004,cv,0.89,0,0
2011/6/29 8:00,259,21,24,1005,SE,1.79,0,0
2011/6/29 16:00,223,22,30,1002,SE,27.27,0,0
2011/6/30 0:00,266,22,24,1003,SE,6.26,0,0
2011/6/30 8:00,35,21,22,1003,cv,0.89,0,2
2011/6/30 16:00,58,23,29,1002,cv,1.79,0,0
2011/7/1 0:00,245,23,26,1003,SE,11.18,0,0
2011/7/1 8:00,206,23,25,1004,SE,4.92,0,1
2011/7/1 16:00,94,23,26,1001,cv,0.89,0,0
2011/7/2 0:00,133,23,24,1001,cv,0.89,0,0
2011/7/2 8:00,165,24,25,1001,cv,0.89,0,5
2011/7/2 16:00,122,24,28,999,cv,0.89,0,0
2011/7/3 0:00,202,23,24,1001,SE,2.68,0,0
2011/7/3 8:00,238,22,26,1003,NW,12.96,0,0
2011/7/3 16:00,26,15,34,1001,cv,1.79,0,0
2011/7/4 0:00,72,19,26,1003,NE,1.79,0,0
2011/7/4 8:00,46,19,27,1005,NW,10.73,0,0
2011/7/4 16:00,71,16,34,1002,SE,1.79,0,0
2011/7/5 0:00,65,19,29,1002,SE,33.07,0,0
2011/7/5 8:00,105,18,27,1000,SE,59,0,0
2011/7/5 16:00,141,20,28,998,NE,1.79,0,0
2011/7/6 0:00,152,21,24,998,cv,1.34,0,0
2011/7/6 8:00,145,21,26,998,cv,0.89,0,0
2011/7/6 16:00,171,22,32,995,SE,13.86,0,0
2011/7/7 0:00,66,17,24,995,NE,1.79,0,0
2011/7/7 8:00,12,18,23,998,NW,4.02,0,0
2011/7/7 16:00,16,10,30,996,SE,3.13,0,0
2011/7/8 0:00,21,16,21,998,NE,1.79,0,1
2011/7/8 8:00,37,18,24,999,cv,1.78,0,0
2011/7/8 16:00,16,13,32,998,NW,38.43,0,0
2011/7/9 0:00,18,14,22,1003,NW,4.92,0,0
2011/7/9 8:00,14,15,25,1006,NW,12.07,0,0
2011/7/9 16:00,18,15,35,1003,SE,5.81,0,0
2011/7/10 0:00,42,17,25,1006,cv,0.89,0,0
2011/7/10 8:00,79,19,26,1008,SE,9.84,0,0
2011/7/10 16:00,87,20,30,1005,SE,10.73,0,0
2011/7/11 0:00,146,22,25,1008,SE,10.28,0,0
2011/7/11 8:00,281,22,24,1009,SE,3.13,0,0
2011/7/11 16:00,122,21,32,1006,SE,16.98,0,0
2011/7/12 0:00,112,20,26,1009,SE,44.69,0,0
2011/7/12 8:00,128,22,25,1009,SE,8.05,0,0
2011/7/12 16:00,100,21,30,1007,SE,11.18,0,0
2011/7/13 0:00,120,23,26,1006,SE,9.84,0,1
2011/7/13 8:00,97,22,24,1006,SE,33.09,0,0
2011/7/13 16:00,89,22,32,1004,SE,8.05,0,0
2011/7/14 0:00,80,22,25,1005,SE,32.64,0,0
2011/7/14 8:00,94,22,26,1006,SE,3.58,0,0
2011/7/14 16:00,132,22,32,1003,SE,3.13,0,0
2011/7/15 0:00,44,20,21,1007,SE,18.78,0,2
2011/7/15 8:00,64,21,23,1007,cv,0.89,0,0
2011/7/15 16:00,91,22,29,1005,SE,15.65,0,0
2011/7/16 0:00,72,19,26,1005,SE,37.56,0,0
2011/7/16 8:00,71,20,25,1006,cv,2.67,0,0
2011/7/16 16:00,84,21,31,1003,SE,12.52,0,0
2011/7/17 0:00,48,20,21,1004,NW,3.13,0,3
2011/7/17 8:00,97,21,24,1005,NW,5.37,0,0
2011/7/17 16:00,75,20,23,1003,SE,9.39,0,1
2011/7/18 0:00,117,19,22,1005,NW,1.79,0,0
2011/7/18 8:00,74,20,23,1006,NW,16.55,0,0
2011/7/18 16:00,128,20,29,1003,cv,2.67,0,0
2011/7/19 0:00,165,22,26,1004,NW,3.13,0,0
2011/7/19 8:00,140,23,26,1003,NW,1.79,0,0
2011/7/19 16:00,73,22,28,1001,SE,4.92,0,0
2011/7/20 0:00,51,21,23,1002,cv,2.67,0,0
2011/7/20 8:00,13,22,22,1003,NW,4.92,0,9
2011/7/20 16:00,58,23,26,1002,SE,13.41,0,0
2011/7/21 0:00,100,22,23,1003,SE,0.89,0,0
2011/7/21 8:00,83,23,24,1003,SE,1.79,0,0
2011/7/21 16:00,88,23,28,1002,SE,13.85,0,0
2011/7/22 0:00,94,23,25,1004,SE,36.65,0,1
2011/7/22 8:00,74,23,24,1004,SE,57.67,0,0
2011/7/22 16:00,203,25,28,1001,SE,6.71,0,0
2011/7/23 0:00,261,25,26,1003,NE,0.89,0,0
2011/7/23 8:00,330,25,26,1004,SE,1.79,0,0
2011/7/23 16:00,269,27,33,1001,SE,5.37,0,0
2011/7/24 0:00,361,27,28,1002,SE,12.97,0,0
2011/7/24 8:00,375,26,28,1003,SE,3.13,0,0
2011/7/24 16:00,38,24,27,1000,NW,11.18,0,0
2011/7/25 0:00,20,23,24,1000,cv,0.89,0,12
2011/7/25 8:00,57,24,24,1000,cv,1.78,0,0
2011/7/25 16:00,29,25,29,998,NE,3.58,0,0
2011/7/26 0:00,85,24,24,1000,cv,0.89,0,0
2011/7/26 8:00,25,23,26,1001,NW,3.13,0,0
2011/7/26 16:00,42,22,33,998,SE,8.94,0,0
2011/7/27 0:00,32,23,24,1002,NE,3.13,0,2
2011/7/27 8:00,42,23,25,1003,cv,1.78,0,0
2011/7/27 16:00,55,24,29,1002,SE,21.01,0,0
2011/7/28 0:00,116,24,27,1004,SE,37.98,0,0
2011/7/28 8:00,226,24,26,1005,SE,54.98,0,0
2011/7/28 16:00,215,26,31,1005,SE,8.94,0,0
2011/7/29 0:00,286,26,27,1006,SE,1.79,0,0
2011/7/29 8:00,264,26,26,1006,SE,3.58,0,0
2011/7/29 16:00,66,23,25,1005,NW,3.13,0,8
2011/7/30 0:00,39,22,22,1006,SE,1.79,0,16
2011/7/30 8:00,27,21,23,1002,NW,8.04,0,0
2011/7/30 16:00,51,22,31,1000,SE,1.79,0,0
2011/7/31 0:00,61,23,25,1002,cv,0.89,0,0
2011/7/31 8:00,59,23,26,1004,NW,10.28,0,0
2011/7/31 16:00,41,19,35,1002,cv,1.79,0,0
2011/8/1 0:00,0,25,25,1004,cv,1.78,0,0
2011/8/1 8:00,0,25,26,1005,cv,1.78,0,0
2011/8/1 16:00,0,27,33,1003,SE,15.21,0,0
2011/8/2 0:00,0,26,27,1006,SE,2.68,0,0
2011/8/2 8:00,0,22,25,1008,cv,0.89,0,0
2011/8/2 16:00,0,15,31,1007,SE,37.1,0,0
2011/8/3 0:00,0,20,23,1008,SE,68.39,0,0
2011/8/3 8:00,0,21,23,1007,cv,0.89,0,0
2011/8/3 16:00,49,20,30,1003,SE,21.91,0,0
2011/8/4 0:00,85,21,25,1004,SE,50.07,0,0
2011/8/4 8:00,109,22,25,1006,SE,3.57,0,0
2011/8/4 16:00,101,22,31,1004,SE,11.62,0,0
2011/8/5 0:00,118,23,24,1006,SE,1.79,0,0
2011/8/5 8:00,205,24,26,1007,cv,0.89,0,0
2011/8/5 16:00,132,23,30,1005,SE,21.46,0,0
2011/8/6 0:00,114,22,24,1007,SE,43.82,0,0
2011/8/6 8:00,0,23,25,1007,SE,4.92,0,0
2011/8/6 16:00,0,21,28,1005,SE,36.2,0,0
2011/8/7 0:00,105,22,24,1008,SE,61.23,0,0
2011/8/7 8:00,0,24,25,1008,SE,1.79,0,0
2011/8/7 16:00,0,23,30,1005,SE,12.97,0,0
2011/8/8 0:00,0,24,25,1004,SE,29.07,0,0
2011/8/8 8:00,135,23,27,1002,NW,12.07,0,0
2011/8/8 16:00,102,21,34,998,SE,1.79,0,0
2011/8/9 0:00,0,25,27,1001,SE,20.13,0,0
2011/8/9 8:00,212,25,27,1003,SE,3.58,0,0
2011/8/9 16:00,201,25,34,1003,SE,8.05,0,0
2011/8/10 0:00,0,21,22,1008,NE,3.13,0,0
2011/8/10 8:00,0,22,26,1009,cv,1.79,0,0
2011/8/10 16:00,0,20,34,1005,SE,6.71,0,0
2011/8/11 0:00,74,24,25,1007,NE,1.79,0,0
2011/8/11 8:00,61,24,27,1007,cv,0.89,0,0
2011/8/11 16:00,103,22,33,1004,SE,12.97,0,0
2011/8/12 0:00,123,22,27,1004,SE,29.97,0,0
2011/8/12 8:00,128,24,27,1004,cv,0.89,0,0
2011/8/12 16:00,161,24,32,1001,SE,14.31,0,0
2011/8/13 0:00,113,24,26,1002,SE,1.79,0,0
2011/8/13 8:00,116,23,26,1001,SE,21.47,0,0
2011/8/13 16:00,134,24,30,999,SE,42.49,0,0
2011/8/14 0:00,125,25,28,1001,SE,58.59,0,0
2011/8/14 8:00,40,24,25,1002,NE,1.79,0,0
2011/8/14 16:00,97,26,27,1002,cv,0.89,0,0
2011/8/15 0:00,165,24,25,1003,NE,1.79,0,3
2011/8/15 8:00,109,24,25,1002,SE,18.34,0,6
2011/8/15 16:00,109,24,26,1002,NE,1.79,0,0
2011/8/16 0:00,10,21,24,1003,NE,4.92,0,1
2011/8/16 8:00,16,21,25,1004,NW,18.32,0,0
2011/8/16 16:00,4,17,32,1003,SE,4.92,0,0
2011/8/17 0:00,45,22,24,1006,cv,0.89,0,0
2011/8/17 8:00,69,23,25,1007,cv,1.78,0,0
2011/8/17 16:00,37,19,26,1007,NW,12.97,0,1
2011/8/18 0:00,16,18,23,1009,SE,3.13,0,0
2011/8/18 8:00,12,18,24,1011,NW,3.13,0,0
2011/8/18 16:00,23,19,31,1009,SE,9.84,0,0
2011/8/19 0:00,48,21,22,1012,SE,43.37,0,0
2011/8/19 8:00,75,22,24,1013,cv,1.78,0,0
2011/8/19 16:00,48,17,29,1011,SE,21,0,0
2011/8/20 0:00,67,20,22,1012,SE,41.57,0,0
2011/8/20 8:00,120,21,22,1013,cv,1.78,0,0
2011/8/20 16:00,74,20,31,1010,SE,13.86,0,0
2011/8/21 0:00,60,21,22,1012,SE,2.68,0,0
2011/8/21 8:00,118,22,24,1012,cv,1.78,0,0
2011/8/21 16:00,52,19,31,1008,SE,16.54,0,0
2011/8/22 0:00,104,21,22,1011,cv,1.78,0,0
2011/8/22 8:00,53,20,24,1012,cv,0.89,0,0
2011/8/22 16:00,74,17,30,1010,SE,11.17,0,0
2011/8/23 0:00,130,21,22,1012,NE,1.79,0,0
2011/8/23 8:00,0,20,23,1013,NE,1.79,0,0
2011/8/23 16:00,0,19,30,1010,SE,3.58,0,0
2011/8/24 0:00,92,20,22,1012,SE,8.5,0,0
2011/8/24 8:00,0,20,23,1013,SE,2.68,0,0
2011/8/24 16:00,87,18,28,1010,SE,12.07,0,0
2011/8/25 0:00,87,19,20,1013,NW,1.79,0,0
2011/8/25 8:00,117,21,23,1014,SE,1.79,0,0
2011/8/25 16:00,93,21,23,1014,NW,10.73,0,0
2011/8/26 0:00,121,20,21,1016,NW,1.79,0,0
2011/8/26 8:00,35,19,20,1017,NW,5.81,0,2
2011/8/26 16:00,80,21,27,1014,NW,29.5,0,0
2011/8/27 0:00,118,21,21,1015,NE,0.89,0,0
2011/8/27 8:00,120,21,22,1014,NW,3.58,0,0
2011/8/27 16:00,87,18,26,1012,SE,21.91,0,0
2011/8/28 0:00,78,18,19,1012,cv,2.23,0,0
2011/8/28 8:00,101,20,21,1011,NW,8.05,0,0
2011/8/28 16:00,84,20,29,1007,SE,3.58,0,0
2011/8/29 0:00,65,20,21,1010,SE,0.89,0,0
2011/8/29 8:00,151,20,23,1010,cv,1.78,0,0
2011/8/29 16:00,93,19,29,1007,SE,12.97,0,0
2011/8/30 0:00,202,21,22,1010,NE,1.79,0,0
2011/8/30 8:00,166,22,24,1010,cv,0.89,0,0
2011/8/30 16:00,136,23,30,1006,SE,4.92,0,0
2011/8/31 0:00,193,22,23,1007,SE,1.78,0,0
2011/8/31 8:00,204,24,24,1006,cv,2.67,0,0
2011/8/31 16:00,266,23,31,1003,cv,0.89,0,0
2011/9/1 0:00,280,23,26,1005,NW,5.81,0,1
2011/9/1 8:00,14,18,21,1013,SE,21.01,0,0
2011/9/1 16:00,12,12,28,1010,SE,15.19,0,0
2011/9/2 0:00,39,17,18,1010,SE,38.87,0,0
2011/9/2 8:00,81,16,21,1011,NE,1.79,0,0
2011/9/2 16:00,57,18,30,1008,SE,4.02,0,0
2011/9/3 0:00,47,20,21,1010,cv,0.89,0,0
2011/9/3 8:00,96,19,22,1013,cv,1.78,0,0
2011/9/3 16:00,69,17,27,1012,SE,29.05,0,0
2011/9/4 0:00,169,19,20,1014,SE,5.81,0,0
2011/9/4 8:00,83,19,21,1015,NW,4.02,0,0
2011/9/4 16:00,62,15,31,1011,cv,3.58,0,0
2011/9/5 0:00,73,17,19,1012,SE,1.79,0,0
2011/9/5 8:00,96,19,22,1015,cv,1.78,0,0
2011/9/5 16:00,118,17,28,1012,SE,25.48,0,0
2011/9/6 0:00,49,17,20,1013,cv,2.23,0,0
2011/9/6 8:00,109,16,21,1012,NE,1.79,0,0
2011/9/6 16:00,98,17,29,1007,SE,21.01,0,0
2011/9/7 0:00,195,19,22,1007,SE,42.48,0,0
2011/9/7 8:00,256,21,22,1006,SE,56.8,0,0
2011/9/7 16:00,35,14,29,1004,SE,25.04,0,0
2011/9/8 0:00,80,18,20,1009,NW,2.68,0,4
2011/9/8 8:00,21,15,18,1012,NW,6.26,0,1
2011/9/8 16:00,45,15,19,1013,SE,10.73,0,0
2011/9/9 0:00,43,17,17,1017,SE,1.79,0,0
2011/9/9 8:00,11,11,18,1021,NW,21.01,0,0
2011/9/9 16:00,10,5,23,1020,NE,1.79,0,0
2011/9/10 0:00,48,11,17,1023,NW,1.79,0,0
2011/9/10 8:00,11,13,14,1025,NW,21.01,0,6
2011/9/10 16:00,24,14,15,1023,NW,1.79,0,14
2011/9/11 0:00,35,13,13,1022,NW,6.71,0,0
2011/9/11 8:00,39,14,16,1020,NW,3.58,0,0
2011/9/11 16:00,71,14,22,1017,SE,3.58,0,0
2011/9/12 0:00,68,14,14,1018,SE,1.79,0,0
2011/9/12 8:00,118,14,15,1017,cv,2.67,0,0
2011/9/12 16:00,163,16,20,1014,SE,18.33,0,0
2011/9/13 0:00,108,17,19,1014,SE,33.99,0,0
2011/9/13 8:00,117,18,19,1013,SE,3.58,0,0
2011/9/13 16:00,118,17,22,1011,SE,25.94,0,0
2011/9/14 0:00,142,18,19,1011,SE,0.89,0,0
2011/9/14 8:00,188,19,20,1011,cv,1.78,0,0
2011/9/14 16:00,147,17,25,1009,cv,1.79,0,0
2011/9/15 0:00,204,17,18,1011,NW,0.89,0,0
2011/9/15 8:00,183,18,19,1010,SE,2.68,0,0
2011/9/15 16:00,145,19,26,1008,SE,4.92,0,0
2011/9/16 0:00,36,17,19,1012,NW,1.79,0,0
2011/9/16 8:00,33,18,20,1014,NW,4.02,0,0
2011/9/16 16:00,12,8,20,1015,NE,34.43,0,0
2011/9/17 0:00,25,13,15,1018,NW,21.91,0,4
2011/9/17 8:00,10,2,15,1020,NW,6.26,0,0
2011/9/17 16:00,7,2,20,1019,cv,0.89,0,0
2011/9/18 0:00,49,6,11,1024,NW,4.92,0,0
2011/9/18 8:00,17,4,15,1028,NE,4.02,0,0
2011/9/18 16:00,8,-1,20,1024,SE,1.79,0,0
2011/9/19 0:00,48,8,10,1025,NE,1.79,0,0
2011/9/19 8:00,29,6,14,1026,NW,27.27,0,0
2011/9/19 16:00,22,2,22,1020,SE,3.13,0,0
2011/9/20 0:00,64,9,11,1021,NE,0.89,0,0
2011/9/20 8:00,49,6,16,1022,NW,18.33,0,0
2011/9/20 16:00,7,2,26,1016,cv,1.79,0,0
2011/9/21 0:00,57,9,12,1017,cv,2.23,0,0
2011/9/21 8:00,45,8,15,1017,NW,18.78,0,0
2011/9/21 16:00,18,4,26,1012,SE,1.79,0,0
2011/9/22 0:00,92,10,12,1014,NE,0.89,0,0
2011/9/22 8:00,32,7,17,1016,NW,28.16,0,0
2011/9/22 16:00,21,1,28,1013,SE,1.79,0,0
2011/9/23 0:00,164,11,15,1016,SE,1.79,0,0
2011/9/23 8:00,94,11,15,1018,NW,14.31,0,0
2011/9/23 16:00,104,9,26,1013,SE,19.21,0,0
2011/9/24 0:00,227,14,16,1014,SE,10.29,0,0
2011/9/24 8:00,122,14,18,1015,NE,1.79,0,0
2011/9/24 16:00,153,11,28,1012,SE,12.07,0,0
2011/9/25 0:00,181,14,16,1015,cv,1.78,0,0
2011/9/25 8:00,273,15,16,1017,NE,0.89,0,0
2011/9/25 16:00,256,15,26,1015,SE,14.31,0,0
2011/9/26 0:00,299,17,18,1018,cv,0.89,0,0
2011/9/26 8:00,256,15,16,1020,cv,0.89,0,0
2011/9/26 16:00,107,10,27,1016,SE,21.46,0,0
2011/9/27 0:00,159,13,16,1017,SE,38.45,0,0
2011/9/27 8:00,282,15,16,1018,cv,0.89,0,0
2011/9/27 16:00,130,12,25,1014,SE,9.83,0,0
2011/9/28 0:00,177,14,16,1015,SE,1.79,0,0
2011/9/28 8:00,278,16,17,1015,cv,0.89,0,0
2011/9/28 16:00,300,17,21,1013,SE,2.68,0,0
2011/9/29 0:00,339,15,16,1015,NW,3.58,0,0
2011/9/29 8:00,15,-2,18,1019,NW,46.49,0,0
2011/9/29 16:00,18,-1,24,1017,NW,95.67,0,0
2011/9/30 0:00,19,1,12,1023,NE,3.13,0,0
2011/9/30 8:00,19,-4,12,1027,NE,38.89,0,0
2011/9/30 16:00,28,-2,19,1023,SE,4.92,0,0
2011/10/1 0:00,62,6,8,1025,NE,0.89,0,0
2011/10/1 8:00,60,4,13,1026,NW,10.74,0,0
2011/10/1 16:00,6,-2,21,1022,NE,1.79,0,0
2011/10/2 0:00,19,-1,9,1030,NW,3.13,0,0
2011/10/2 8:00,8,2,13,1033,NW,10.73,0,0
2011/10/2 16:00,8,-3,19,1028,NE,1.79,0,0
2011/10/3 0:00,63,3,8,1030,cv,0.89,0,0
2011/10/3 8:00,40,2,11,1030,NW,23.69,0,0
2011/10/3 16:00,0,-1,21,1023,SE,15.19,0,0
2011/10/4 0:00,0,6,10,1023,cv,0.89,0,0
2011/10/4 8:00,0,7,10,1022,NW,3.58,0,0
2011/10/4 16:00,0,9,19,1017,SE,10.28,0,0
2011/10/5 0:00,0,11,15,1016,SE,3.58,0,0
2011/10/5 8:00,0,12,12,1015,cv,1.78,0,0
2011/10/5 16:00,0,10,24,1009,SE,25.48,0,0
2011/10/6 0:00,0,-1,16,1016,cv,0.89,0,0
2011/10/6 8:00,0,-1,16,1020,NE,4.02,0,0
2011/10/6 16:00,0,-1,22,1017,SE,6.26,0,0
2011/10/7 0:00,0,6,9,1020,NE,2.68,0,0
2011/10/7 8:00,0,8,10,1021,NW,4.92,0,0
2011/10/7 16:00,162,9,21,1017,SE,16.98,0,0
2011/10/8 0:00,164,10,12,1019,cv,2.67,0,0
2011/10/8 8:00,164,10,13,1020,NW,16.1,0,0
2011/10/8 16:00,230,14,20,1016,SE,1.79,0,0
2011/10/9 0:00,351,14,15,1017,SE,1.78,0,0
2011/10/9 8:00,284,15,17,1019,cv,0.89,0,0
2011/10/9 16:00,303,15,23,1018,SE,8.94,0,0
2011/10/10 0:00,283,11,16,1023,cv,0.89,0,0
2011/10/10 8:00,69,10,17,1026,NW,1.79,0,0
2011/10/10 16:00,67,4,20,1024,SE,10.73,0,0
2011/10/11 0:00,42,10,16,1025,cv,0.89,0,0
2011/10/11 8:00,86,11,16,1026,NW,2.68,0,0
2011/10/11 16:00,132,11,21,1021,SE,9.84,0,0
2011/10/12 0:00,212,14,15,1021,SE,1.78,0,0
2011/10/12 8:00,216,13,15,1019,NE,1.79,0,0
2011/10/12 16:00,0,15,21,1015,cv,0.89,0,0
2011/10/13 0:00,225,13,15,1014,SE,7.16,0,0
2011/10/13 8:00,36,12,14,1012,NW,12.07,0,4
2011/10/13 16:00,43,10,21,1009,SE,8.05,0,0
2011/10/14 0:00,23,5,16,1011,NW,4.02,0,0
2011/10/14 8:00,4,2,15,1012,NW,14.76,0,0
2011/10/14 16:00,10,-3,19,1010,NW,73.76,0,0
2011/10/15 0:00,9,3,13,1011,NW,23.24,0,0
2011/10/15 8:00,32,3,12,1010,NW,53.2,0,0
2011/10/15 16:00,9,3,18,1008,NW,124.72,0,0
2011/10/16 0:00,16,3,18,1010,SE,4.02,0,0
2011/10/16 8:00,20,2,17,1014,NW,3.13,0,0
2011/10/16 16:00,4,-3,21,1013,NW,55.41,0,0
2011/10/17 0:00,23,2,10,1018,cv,0.45,0,0
2011/10/17 8:00,22,1,14,1025,NW,1.79,0,0
2011/10/17 16:00,21,-1,18,1022,SE,10.28,0,0
2011/10/18 0:00,83,5,8,1024,NE,2.68,0,0
2011/10/18 8:00,72,8,11,1027,NE,1.79,0,0
2011/10/18 16:00,82,6,19,1022,SE,4.92,0,0
2011/10/19 0:00,141,7,9,1023,NE,0.89,0,0
2011/10/19 8:00,96,8,10,1023,NW,10.28,0,0
2011/10/19 16:00,190,13,18,1019,SE,15.65,0,0
2011/10/20 0:00,280,11,11,1021,cv,0.89,0,0
2011/10/20 8:00,269,12,12,1021,SE,2.68,0,1
2011/10/20 16:00,293,12,16,1019,cv,0.89,0,0
2011/10/21 0:00,298,11,11,1021,cv,4.45,0,0
2011/10/21 8:00,251,10,11,1021,NW,3.58,0,0
2011/10/21 16:00,233,11,19,1018,SE,1.79,0,0
2011/10/22 0:00,318,10,11,1019,cv,0.45,0,0
2011/10/22 8:00,239,11,11,1019,NW,9.84,0,0
2011/10/22 16:00,370,13,17,1016,SE,3.58,0,0
2011/10/23 0:00,430,12,13,1016,cv,0.89,0,0
2011/10/23 8:00,407,13,13,1018,NW,8.05,0,3
2011/10/23 16:00,16,3,9,1024,NE,12.96,0,0
2011/10/24 0:00,7,1,3,1028,NE,0.89,0,0
2011/10/24 8:00,11,1,6,1030,NW,13.42,0,0
2011/10/24 16:00,9,-5,14,1026,SE,4.92,0,0
2011/10/25 0:00,8,-6,4,1031,NW,4.92,0,0
2011/10/25 8:00,27,-2,6,1032,NW,8.05,0,0
2011/10/25 16:00,0,-6,15,1027,SE,16.09,0,0
2011/10/26 0:00,127,1,5,1027,cv,1.78,0,0
2011/10/26 8:00,80,3,6,1025,SE,0.89,0,0
2011/10/26 16:00,280,4,11,1023,cv,0.89,0,0
2011/10/27 0:00,0,6,8,1024,NE,0.89,0,0
2011/10/27 8:00,0,4,4,1024,cv,0.89,0,0
2011/10/27 16:00,176,5,16,1021,SE,16.99,0,0
2011/10/28 0:00,0,5,5,1024,cv,3.12,0,0
2011/10/28 8:00,125,4,11,1026,NW,5.81,0,0
2011/10/28 16:00,129,4,17,1022,SE,3.58,0,0
2011/10/29 0:00,336,4,5,1023,cv,0.89,0,0
2011/10/29 8:00,146,6,6,1024,cv,1.78,0,0
2011/10/29 16:00,207,8,16,1019,SE,16.55,0,0
2011/10/30 0:00,350,7,7,1021,SE,0.89,0,0
2011/10/30 8:00,257,5,6,1022,SE,1.79,0,0
2011/10/30 16:00,181,9,13,1021,SE,12.08,0,0
2011/10/31 0:00,257,9,11,1023,SE,25.04,0,0
2011/10/31 8:00,264,10,11,1023,cv,1.78,0,0
2011/10/31 16:00,208,12,15,1022,cv,2.67,0,0
2011/11/1 0:00,266,12,13,1023,cv,4.91,0,0
2011/11/1 8:00,283,12,13,1023,cv,2.67,0,0
2011/11/1 16:00,288,12,15,1023,NW,3.13,0,0
2011/11/2 0:00,38,6,7,1026,NW,34.41,0,0
2011/11/2 8:00,32,2,10,1029,NW,63.9,0,0
2011/11/2 16:00,33,2,14,1027,NW,1.79,0,0
2011/11/3 0:00,27,7,11,1028,SE,5.36,0,0
2011/11/3 8:00,72,6,11,1028,cv,2.23,0,0
2011/11/3 16:00,79,5,15,1025,cv,0.89,0,0
2011/11/4 0:00,102,8,11,1024,NW,1.79,0,0
2011/11/4 8:00,87,10,12,1024,NE,1.78,0,0
2011/11/4 16:00,106,6,16,1021,NW,7.16,0,0
2011/11/5 0:00,38,6,13,1024,NW,19.67,0,3
2011/11/5 8:00,27,5,11,1028,NW,55.88,0,4
2011/11/5 16:00,35,3,12,1026,NE,7.15,0,0
2011/11/6 0:00,85,8,10,1028,SE,1.79,0,0
2011/11/6 8:00,48,2,8,1029,NW,1.79,0,0
2011/11/6 16:00,46,1,12,1026,cv,1.78,0,0
2011/11/7 0:00,111,3,5,1028,cv,0.89,0,0
2011/11/7 8:00,34,2,7,1029,NW,21.91,0,0
2011/11/7 16:00,46,1,14,1026,SE,1.79,0,0
2011/11/8 0:00,127,4,8,1027,NE,0.89,0,0
2011/11/8 8:00,47,3,12,1028,NW,19.67,0,0
2011/11/8 16:00,17,1,15,1026,NW,1.79,0,0
2011/11/9 0:00,65,3,5,1027,NW,2.68,0,0
2011/11/9 8:00,32,0,9,1028,NW,29.94,0,0
2011/11/9 16:00,21,-4,14,1023,cv,0.89,0,0
2011/11/10 0:00,84,-2,3,1022,NW,1.79,0,0
2011/11/10 8:00,40,-2,4,1022,NW,20.12,0,0
2011/11/10 16:00,59,-5,14,1017,SE,4.92,0,0
2011/11/11 0:00,135,-1,2,1017,NW,1.79,0,0
2011/11/11 8:00,102,-1,3,1016,NW,3.13,0,0
2011/11/11 16:00,152,2,11,1013,SE,0.89,0,0
2011/11/12 0:00,277,4,6,1014,NW,1.79,0,0
2011/11/12 8:00,38,-4,12,1020,NW,4.02,0,0
2011/11/12 16:00,41,-11,15,1017,NW,69.72,0,0
2011/11/13 0:00,21,-13,6,1022,NW,10.73,0,0
2011/11/13 8:00,10,-13,6,1027,NW,51.85,0,0
2011/11/13 16:00,17,-14,8,1025,SE,3.58,0,0
2011/11/14 0:00,93,-8,1,1026,SE,5.36,0,0
2011/11/14 8:00,114,-6,2,1027,NW,1.79,0,0
2011/11/14 16:00,128,-5,8,1024,cv,1.78,0,0
2011/11/15 0:00,314,-4,2,1027,cv,0.45,0,0
2011/11/15 8:00,188,-3,0,1029,NW,3.58,0,0
2011/11/15 16:00,165,3,8,1025,cv,1.78,0,0
2011/11/16 0:00,206,4,5,1026,NW,1.79,0,0
2011/11/16 8:00,193,2,2,1027,NW,5.81,0,0
2011/11/16 16:00,306,7,10,1026,SE,0.89,0,0
2011/11/17 0:00,127,2,8,1027,SE,11.63,0,0
2011/11/17 8:00,126,6,6,1023,NW,12.07,0,8
2011/11/17 16:00,153,8,9,1017,NW,6.71,0,0
2011/11/18 0:00,139,6,6,1016,NW,1.79,0,0
2011/11/18 8:00,89,6,9,1016,NW,25.93,0,0
2011/11/18 16:00,43,6,13,1013,SE,6.71,0,0
2011/11/19 0:00,90,3,5,1019,NE,4.02,0,4
2011/11/19 8:00,9,-10,4,1024,NW,46.5,0,0
2011/11/19 16:00,6,-11,6,1024,NW,119.38,0,0
2011/11/20 0:00,9,-14,0,1029,NW,155.14,0,0
2011/11/20 8:00,19,-10,-2,1031,NW,8.5,0,0
2011/11/20 16:00,47,-9,5,1029,SE,11.18,0,0
2011/11/21 0:00,226,-5,0,1031,cv,1.34,0,0
2011/11/21 8:00,91,-4,-1,1031,cv,0.89,0,0
2011/11/21 16:00,135,-4,7,1026,SE,6.71,0,0
2011/11/22 0:00,380,-2,3,1025,cv,0.89,0,0
2011/11/22 8:00,197,0,2,1021,SE,1.79,0,0
2011/11/22 16:00,17,-10,8,1021,NW,40.23,0,0
2011/11/23 0:00,6,-15,0,1029,NW,146.62,0,0
2011/11/23 8:00,12,-14,0,1035,NW,215.01,0,0
2011/11/23 16:00,13,-17,4,1031,NW,266.85,0,0
2011/11/24 0:00,91,-10,-1,1029,SE,1.79,0,0
2011/11/24 8:00,96,-8,-5,1028,NE,1.78,0,0
2011/11/24 16:00,251,-7,1,1025,SE,0.89,0,0
2011/11/25 0:00,305,-8,-5,1030,NW,7.6,0,0
2011/11/25 8:00,120,-6,-3,1031,NW,21.9,0,0
2011/11/25 16:00,193,-5,3,1026,cv,1.78,0,0
2011/11/26 0:00,337,-4,-3,1024,NE,1.78,0,0
2011/11/26 8:00,234,-3,-1,1022,NW,17.44,0,0
2011/11/26 16:00,210,-5,6,1019,cv,0.89,0,0
2011/11/27 0:00,330,-4,0,1021,NW,3.58,0,0
2011/11/27 8:00,135,-3,0,1022,NW,16.99,0,0
2011/11/27 16:00,178,-2,7,1019,SE,11.63,0,0
2011/11/28 0:00,362,-2,1,1022,NW,2.68,0,0
2011/11/28 8:00,124,-2,5,1026,NW,23.7,0,0
2011/11/28 16:00,143,0,7,1027,SE,19.67,0,0
2011/11/29 0:00,40,-5,3,1032,SE,4.92,0,0
2011/11/29 8:00,40,-10,3,1034,cv,0.89,0,0
2011/11/29 16:00,63,-12,3,1033,SE,17,0,0
2011/11/30 0:00,127,-6,-2,1036,cv,1.34,0,0
2011/11/30 8:00,146,-11,0,1039,NE,4.02,0,0
2011/11/30 16:00,31,-15,5,1036,NW,15.65,0,0
2011/12/1 0:00,125,-9,-2,1037,cv,1.34,0,0
2011/12/1 8:00,87,-7,-4,1034,NW,8.49,0,0
2011/12/1 16:00,271,-8,1,1028,SE,3.58,0,0
2011/12/2 0:00,243,-4,-2,1026,SE,4.47,0,0
2011/12/2 8:00,309,-2,-2,1024,NE,2.67,2,0
2011/12/2 16:00,281,-1,0,1022,SE,6.26,0,0
2011/12/3 0:00,473,-1,-1,1024,SE,0.89,0,0
2011/12/3 8:00,36,-7,-2,1027,NE,11.18,0,0
2011/12/3 16:00,39,-12,5,1026,cv,0.89,0,0
2011/12/4 0:00,193,-6,-3,1027,SE,1.78,0,0
2011/12/4 8:00,222,-6,-5,1029,NW,1.79,0,0
2011/12/4 16:00,406,-3,-1,1028,SE,5.37,0,0
2011/12/5 0:00,365,-4,-4,1032,cv,0.89,0,0
2011/12/5 8:00,296,-2,-2,1032,cv,0.45,0,0
2011/12/5 16:00,306,-1,0,1031,cv,4.45,0,0
2011/12/6 0:00,226,-1,0,1032,NW,1.79,3,0
2011/12/6 8:00,211,0,0,1032,NW,14.31,2,0
2011/12/6 16:00,193,0,2,1030,SE,0.89,0,0
2011/12/7 0:00,340,-1,-1,1032,cv,1.78,0,0
2011/12/7 8:00,218,0,0,1033,cv,0.89,0,0
2011/12/7 16:00,18,-12,3,1033,NW,59.91,0,0
2011/12/8 0:00,12,-17,-4,1038,NW,133.66,0,0
2011/12/8 8:00,10,-17,-6,1041,NE,7.15,0,0
2011/12/8 16:00,12,-18,-2,1039,NW,60.78,0,0
2011/12/9 0:00,7,-18,-7,1042,NW,123.81,0,0
2011/12/9 8:00,22,-15,-7,1040,NE,8.94,0,0
2011/12/9 16:00,17,-18,0,1033,NW,48.28,0,0
2011/12/10 0:00,18,-16,-4,1033,NW,99.24,0,0
2011/12/10 8:00,15,-15,-2,1031,NW,140.36,0,0
2011/12/10 16:00,12,-12,5,1027,NW,188.2,0,0
2011/12/11 0:00,73,-10,-3,1026,SE,1.79,0,0
2011/12/11 8:00,187,-7,-4,1027,NW,1.79,0,0
2011/12/11 16:00,30,-10,9,1025,NW,38.45,0,0
2011/12/12 0:00,50,-8,0,1028,NW,2.68,0,0
2011/12/12 8:00,20,-10,1,1031,NE,8.94,0,0
2011/12/12 16:00,65,-10,5,1029,SE,8.5,0,0
2011/12/13 0:00,82,-4,-1,1029,SE,25.04,0,0
2011/12/13 8:00,83,-2,1,1025,SE,5.37,0,0
2011/12/13 16:00,223,-1,2,1022,SE,0.89,0,0
2011/12/14 0:00,16,-14,1,1025,NW,20.12,0,0
2011/12/14 8:00,11,-16,-4,1034,NW,85.4,0,0
2011/12/14 16:00,11,-20,0,1034,NW,148.88,0,0
2011/12/15 0:00,16,-18,-5,1038,NW,207.44,0,0
2011/12/15 8:00,11,-17,-5,1037,NW,13.86,0,0
2011/12/15 16:00,7,-19,-2,1035,NW,70.19,0,0
2011/12/16 0:00,15,-22,-7,1040,NW,152.44,0,0
2011/12/16 8:00,14,-23,-7,1041,NW,215.92,0,0
2011/12/16 16:00,17,-23,-2,1036,NW,278.96,0,0
2011/12/17 0:00,96,-17,-11,1035,cv,1.78,0,0
2011/12/17 8:00,55,-17,-9,1035,NW,16.1,0,0
2011/12/17 16:00,107,-18,2,1031,cv,2.68,0,0
2011/12/18 0:00,111,-16,-5,1035,NW,8.94,0,0
2011/12/18 8:00,15,-18,-5,1035,NE,21.9,0,0
2011/12/18 16:00,45,-18,0,1031,NE,1.79,0,0
2011/12/19 0:00,64,-17,-2,1032,NW,16.09,0,0
2011/12/19 8:00,18,-17,-3,1032,NW,4.92,0,0
2011/12/19 16:00,42,-22,1,1029,cv,2.67,0,0
2011/12/20 0:00,185,-14,-7,1032,NE,0.89,0,0
2011/12/20 8:00,31,-15,-6,1031,NW,23.25,0,0
2011/12/20 16:00,112,-15,3,1026,cv,1.79,0,0
2011/12/21 0:00,100,-15,-3,1028,NW,1.79,0,0
2011/12/21 8:00,17,-16,-1,1029,NW,7.15,0,0
2011/12/21 16:00,14,-22,2,1030,NW,78.67,0,0
2011/12/22 0:00,19,-18,-3,1034,NW,3.13,0,0
2011/12/22 8:00,18,-17,-4,1035,NW,36.21,0,0
2011/12/22 16:00,22,-19,2,1029,NW,80.01,0,0
2011/12/23 0:00,95,-15,-8,1029,NE,1.78,0,0
2011/12/23 8:00,87,-14,-8,1027,cv,0.89,0,0
2011/12/23 16:00,16,-16,3,1025,NW,38,0,0
2011/12/24 0:00,11,-15,-1,1027,NW,21.9,0,0
2011/12/24 8:00,20,-15,-8,1028,NW,14.75,0,0
2011/12/24 16:00,22,-17,3,1026,NW,35.76,0,0
2011/12/25 0:00,105,-13,-7,1029,cv,0.9,0,0
2011/12/25 8:00,38,-12,-7,1032,cv,0.89,0,0
2011/12/25 16:00,61,-15,2,1032,SE,1.79,0,0
2011/12/26 0:00,77,-13,-8,1037,NE,1.79,0,0
2011/12/26 8:00,79,-13,-9,1039,NW,3.13,0,0
2011/12/26 16:00,121,-12,-1,1034,SE,4.47,0,0
2011/12/27 0:00,327,-11,-6,1034,cv,0.89,0,0
2011/12/27 8:00,122,-11,-7,1032,NW,14.32,0,0
2011/12/27 16:00,161,-9,-1,1028,SE,0.89,0,0
2011/12/28 0:00,333,-10,-7,1030,NW,3.13,0,0
2011/12/28 8:00,187,-11,-7,1031,NW,31.73,0,0
2011/12/28 16:00,137,-9,1,1031,SE,11.62,0,0
2011/12/29 0:00,62,-8,-6,1037,NW,0.89,0,0
2011/12/29 8:00,36,-12,-6,1039,SE,11.63,1,0
2011/12/29 16:00,78,-11,-4,1037,SE,34.43,0,0
2011/12/30 0:00,71,-10,-4,1038,SE,48.75,0,0
2011/12/30 8:00,81,-9,-4,1035,SE,0.89,0,0
2011/12/30 16:00,190,-8,-2,1031,cv,1.78,0,0
2011/12/31 0:00,163,-10,-7,1030,NW,7.15,0,0
2011/12/31 8:00,164,-11,-9,1030,NW,29.51,0,0
2011/12/31 16:00,72,-15,2,1027,cv,0.89,0,0
2012/1/1 0:00,275,-12,-8,1030,NE,0.89,0,0
2012/1/1 8:00,14,-15,-4,1035,NE,21.9,0,0
2012/1/1 16:00,39,-16,0,1032,cv,0.89,0,0
2012/1/2 0:00,114,-10,-3,1030,SE,10.28,0,0
2012/1/2 8:00,104,-11,-8,1029,cv,1.34,0,0
2012/1/2 16:00,14,-19,1,1027,NW,40.24,0,0
2012/1/3 0:00,14,-19,-4,1032,NW,127.41,0,0
2012/1/3 8:00,14,-19,-5,1033,NW,177.47,0,0
2012/1/3 16:00,13,-20,-2,1032,NW,262.41,0,0
2012/1/4 0:00,14,-20,-6,1035,NW,348.69,0,0
2012/1/4 8:00,20,-18,-6,1037,NW,4.92,0,0
2012/1/4 16:00,21,-22,1,1032,NW,50.96,0,0
2012/1/5 0:00,90,-17,-10,1031,cv,0.89,0,0
2012/1/5 8:00,96,-17,-12,1030,NW,10.29,0,0
2012/1/5 16:00,65,-19,1,1027,SE,0.89,0,0
2012/1/6 0:00,189,-17,-9,1031,NW,4.92,0,0
2012/1/6 8:00,179,-14,-10,1037,NE,0.89,0,0
2012/1/6 16:00,54,-11,-3,1038,SE,19.68,0,0
2012/1/7 0:00,45,-11,-4,1040,SE,36.23,1,0
2012/1/7 8:00,69,-8,-5,1039,SE,53.23,9,0
2012/1/7 16:00,169,-5,-4,1036,SE,5.37,17,0
2012/1/8 0:00,171,-6,-4,1035,cv,2.23,0,0
2012/1/8 8:00,109,-9,-7,1034,NW,15.65,0,0
2012/1/8 16:00,144,-9,0,1031,cv,5.35,0,0
2012/1/9 0:00,289,-10,-8,1033,cv,0.45,0,0
2012/1/9 8:00,126,-14,-10,1032,NW,12.96,0,0
2012/1/9 16:00,177,-11,1,1030,SE,8.94,0,0
2012/1/10 0:00,366,-11,-7,1032,NE,3.57,0,0
2012/1/10 8:00,491,-10,-9,1032,cv,2.67,0,0
2012/1/10 16:00,17,-17,3,1032,NW,46.5,0,0
2012/1/11 0:00,17,-18,-5,1040,NE,7.15,0,0
2012/1/11 8:00,29,-17,-7,1041,NW,3.58,0,0
2012/1/11 16:00,65,-16,-2,1033,SE,17.88,0,0
2012/1/12 0:00,138,-15,-9,1030,SE,1.79,0,0
2012/1/12 8:00,130,-14,-9,1027,NW,6.25,0,0
2012/1/12 16:00,160,-15,4,1022,SE,8.05,0,0
2012/1/13 0:00,100,-14,-7,1028,NW,11.63,0,0
2012/1/13 8:00,37,-13,-6,1029,NW,36.66,0,0
2012/1/13 16:00,66,-13,4,1026,SE,7.15,0,0
2012/1/14 0:00,137,-14,-8,1026,NW,3.58,0,0
2012/1/14 8:00,39,-15,-8,1027,NW,6.71,0,0
2012/1/14 16:00,0,-17,4,1024,SE,1.79,0,0
2012/1/15 0:00,0,-15,-6,1026,NE,0.89,0,0
2012/1/15 8:00,0,-14,-7,1025,SE,0.89,0,0
2012/1/15 16:00,0,-11,2,1021,cv,3.56,0,0
2012/1/16 0:00,0,-12,-7,1022,NE,0.89,0,0
2012/1/16 8:00,0,-10,-6,1021,NW,11.63,0,0
2012/1/16 16:00,0,-7,-2,1020,cv,3.12,0,0
2012/1/17 0:00,0,-8,-3,1022,NW,3.58,0,0
2012/1/17 8:00,0,-7,-2,1023,NW,4.02,0,0
2012/1/17 16:00,304,-7,0,1021,SE,0.89,0,0
2012/1/18 0:00,332,-3,-2,1025,SE,1.79,0,0
2012/1/18 8:00,381,-7,-6,1026,NW,15.65,0,0
2012/1/18 16:00,440,-7,-1,1025,cv,4.45,0,0
2012/1/19 0:00,437,-6,-3,1028,cv,2.67,0,0
2012/1/19 8:00,348,-7,-3,1029,NW,11.62,0,0
2012/1/19 16:00,399,-6,0,1028,SE,1.78,0,0
2012/1/20 0:00,479,-7,-6,1032,NW,6.71,0,0
2012/1/20 8:00,15,-19,-3,1036,NE,38.45,0,0
2012/1/20 16:00,13,-23,-3,1035,NE,84.04,0,0
2012/1/21 0:00,17,-25,-8,1038,NE,131.42,0,0
2012/1/21 8:00,12,-27,-11,1039,NE,180.58,0,0
2012/1/21 16:00,13,-26,-6,1035,NE,8.05,0,0
2012/1/22 0:00,21,-25,-11,1037,NE,8.94,0,0
2012/1/22 8:00,19,-26,-12,1038,NE,4.92,0,0
2012/1/22 16:00,35,-24,-4,1031,SE,4.92,0,0
2012/1/23 0:00,225,-24,-11,1032,NW,3.13,0,0
2012/1/23 8:00,141,-23,-17,1030,NW,1.79,0,0
2012/1/23 16:00,24,-23,-1,1025,NW,44.7,0,0
2012/1/24 0:00,79,-22,-7,1028,NW,1.79,0,0
2012/1/24 8:00,9,-21,-7,1029,NW,37.1,0,0
2012/1/24 16:00,15,-23,0,1025,NW,78.66,0,0
2012/1/25 0:00,33,-23,-13,1027,NW,1.79,0,0
2012/1/25 8:00,48,-21,-15,1025,cv,1.78,0,0
2012/1/25 16:00,43,-21,2,1020,NW,22.8,0,0
2012/1/26 0:00,176,-19,-10,1022,NW,1.79,0,0
2012/1/26 8:00,62,-17,-10,1023,NW,3.13,0,0
2012/1/26 16:00,84,-19,3,1018,SE,9.39,0,0
2012/1/27 0:00,113,-17,-3,1023,NE,4.92,0,0
2012/1/27 8:00,8,-21,-5,1028,NE,4.02,0,0
2012/1/27 16:00,84,-18,0,1026,SE,9.39,0,0
2012/1/28 0:00,74,-11,-8,1030,cv,0.89,0,0
2012/1/28 8:00,60,-11,-6,1031,cv,0.89,0,0
2012/1/28 16:00,91,-9,-2,1029,cv,3.12,0,0
2012/1/29 0:00,170,-12,-9,1033,NE,4.47,0,0
2012/1/29 8:00,13,-20,-8,1036,NW,3.13,0,0
2012/1/29 16:00,35,-19,-1,1032,cv,2.68,0,0
2012/1/30 0:00,91,-15,-8,1035,SE,17.43,0,0
2012/1/30 8:00,84,-12,-7,1034,cv,1.35,4,0
2012/1/30 16:00,135,-8,-4,1027,cv,2.67,0,0
2012/1/31 0:00,132,-8,-5,1024,cv,0.45,0,0
2012/1/31 8:00,147,-10,-5,1023,NE,4.02,0,0
2012/1/31 16:00,18,-27,-2,1025,NE,47.38,0,0
2012/2/1 0:00,15,-27,-10,1033,NE,85.82,0,0
2012/2/1 8:00,13,-27,-11,1036,NW,4.02,0,0
2012/2/1 16:00,16,-24,-5,1035,NE,16.09,0,0
2012/2/2 0:00,24,-25,-11,1041,NW,4.02,0,0
2012/2/2 8:00,11,-25,-10,1041,NW,47.82,0,0
2012/2/2 16:00,18,-25,-3,1033,NE,1.79,0,0
2012/2/3 0:00,64,-23,-12,1030,NW,0.89,0,0
2012/2/3 8:00,60,-23,-12,1026,NW,24.14,0,0
2012/2/3 16:00,66,-26,4,1021,NW,33.97,0,0
2012/2/4 0:00,14,-25,-4,1027,NW,10.73,0,0
2012/2/4 8:00,17,-23,-7,1029,NE,16.54,0,0
2012/2/4 16:00,69,-24,1,1024,SE,6.71,0,0
2012/2/5 0:00,118,-19,-5,1023,SE,4.47,0,0
2012/2/5 8:00,109,-15,-4,1020,NE,1.79,0,0
2012/2/5 16:00,113,-14,4,1016,SE,4.92,0,0
2012/2/6 0:00,254,-11,-4,1019,NE,0.89,0,0
2012/2/6 8:00,19,-20,-4,1026,NW,43.81,0,0
2012/2/6 16:00,13,-28,-4,1029,NW,153.32,0,0
2012/2/7 0:00,163,-26,-10,1033,NW,239.15,0,0
2012/2/7 8:00,9,-27,-10,1034,cv,0.89,0,0
2012/2/7 16:00,12,-24,-1,1028,NW,60.34,0,0
2012/2/8 0:00,11,-24,-7,1030,NW,105.94,0,0
2012/2/8 8:00,12,-23,-7,1028,NE,1.79,0,0
2012/2/8 16:00,17,-24,2,1023,NW,56.76,0,0
2012/2/9 0:00,18,-20,-7,1027,NW,4.92,0,0
2012/2/9 8:00,77,-17,-8,1027,NW,3.13,0,0
2012/2/9 16:00,45,-21,2,1023,SE,14.75,0,0
2012/2/10 0:00,6,-22,-2,1028,NW,28.62,0,0
2012/2/10 8:00,21,-19,-3,1032,cv,1.78,0,0
2012/2/10 16:00,27,-22,3,1027,SE,13.86,0,0
2012/2/11 0:00,74,-19,-3,1026,SE,45.16,0,0
2012/2/11 8:00,126,-16,-10,1028,NW,3.58,0,0
2012/2/11 16:00,40,-23,5,1026,NE,8.94,0,0
2012/2/12 0:00,175,-9,-5,1030,SE,16.52,0,0
2012/2/12 8:00,70,-7,-4,1029,NW,4.92,0,0
2012/2/12 16:00,105,-9,0,1024,cv,1.78,0,0
2012/2/13 0:00,170,-11,-7,1024,NW,3.13,0,0
2012/2/13 8:00,170,-9,-4,1025,NW,11.18,0,0
2012/2/13 16:00,221,-9,3,1021,SE,9.39,0,0
2012/2/14 0:00,376,-10,-5,1023,NW,0.89,0,0
2012/2/14 8:00,14,-15,-1,1027,NE,4.02,0,0
2012/2/14 16:00,23,-24,3,1027,SE,1.79,0,0
2012/2/15 0:00,80,-10,-6,1031,SE,4.92,0,0
2012/2/15 8:00,95,-11,-9,1031,cv,0.89,0,0
2012/2/15 16:00,112,-11,2,1024,SE,8.04,0,0
2012/2/16 0:00,4,-20,-3,1031,NW,20.11,0,0
2012/2/16 8:00,12,-19,-2,1031,NW,49.18,0,0
2012/2/16 16:00,18,-22,1,1028,NW,95.22,0,0
2012/2/17 0:00,7,-19,-4,1030,NW,136.35,0,0
2012/2/17 8:00,16,-23,-7,1034,NW,188.65,0,0
2012/2/17 16:00,15,-25,0,1032,NW,277.63,0,0
2012/2/18 0:00,14,-21,-5,1034,NW,338.43,0,0
2012/2/18 8:00,17,-20,-7,1035,NW,21.01,0,0
2012/2/18 16:00,40,-22,4,1027,NW,36.2,0,0
2012/2/19 0:00,109,-18,-3,1028,NW,1.79,0,0
2012/2/19 8:00,84,-17,-7,1027,NW,8.5,0,0
2012/2/19 16:00,33,-22,7,1020,SE,4.02,0,0
2012/2/20 0:00,65,-18,-4,1021,cv,3.56,0,0
2012/2/20 8:00,99,-16,-8,1021,NW,12.52,0,0
2012/2/20 16:00,135,-17,8,1019,SE,5.37,0,0
2012/2/21 0:00,93,-12,-2,1022,cv,0.89,0,0
2012/2/21 8:00,117,-11,-3,1022,NW,3.58,0,0
2012/2/21 16:00,143,-9,4,1017,SE,9.84,0,0
2012/2/22 0:00,141,-6,-4,1018,NE,0.89,0,0
2012/2/22 8:00,183,-2,0,1014,NW,0.89,0,0
2012/2/22 16:00,235,-4,5,1012,NW,1.79,0,0
2012/2/23 0:00,16,-14,-2,1025,NW,24.13,0,0
2012/2/23 8:00,16,-15,-2,1029,NE,19.68,0,0
2012/2/23 16:00,20,-20,6,1024,SE,4.02,0,0
2012/2/24 0:00,84,-12,-4,1025,SE,25.48,0,0
2012/2/24 8:00,98,-9,-3,1024,NE,2.68,0,0
2012/2/24 16:00,134,-11,5,1021,SE,3.13,0,0
2012/2/25 0:00,9,-15,-2,1029,NW,17.89,0,0
2012/2/25 8:00,14,-18,-4,1034,NW,56.32,0,0
2012/2/25 16:00,20,-21,3,1029,NE,1.79,0,0
2012/2/26 0:00,62,-17,-1,1030,SE,15.2,0,0
2012/2/26 8:00,35,-15,-2,1031,NW,3.13,0,0
2012/2/26 16:00,41,-19,6,1026,cv,3.13,0,0
2012/2/27 0:00,139,-12,-2,1028,SE,19.23,0,0
2012/2/27 8:00,191,-7,-5,1028,SE,1.79,0,0
2012/2/27 16:00,193,-11,6,1021,SE,11.17,0,0
2012/2/28 0:00,267,-8,-1,1021,cv,3.56,0,0
2012/2/28 8:00,259,-8,-4,1022,NE,0.89,0,0
2012/2/28 16:00,112,-9,8,1019,SE,24.14,0,0
2012/2/29 0:00,175,-8,0,1021,SE,46.04,0,0
2012/2/29 8:00,193,-6,-4,1021,NW,3.57,0,0
2012/2/29 16:00,229,-5,9,1019,SE,8.95,0,0
2012/3/1 0:00,322,-5,-1,1021,NE,1.79,0,0
2012/3/1 8:00,222,-5,-1,1024,cv,0.89,0,0
2012/3/1 16:00,203,0,3,1023,cv,1.78,0,2
2012/3/2 0:00,269,1,2,1025,SE,8.94,0,3
2012/3/2 8:00,136,-1,0,1028,SE,30.85,5,0
2012/3/2 16:00,110,0,2,1026,cv,0.89,0,0
2012/3/3 0:00,130,-1,-1,1029,cv,1.34,0,0
2012/3/3 8:00,76,-5,-1,1030,SE,18.33,0,0
2012/3/3 16:00,108,-7,2,1027,SE,43.81,0,0
2012/3/4 0:00,108,-6,-1,1027,SE,58.11,0,0
2012/3/4 8:00,127,-7,-2,1025,NE,0.89,0,0
2012/3/4 16:00,93,-10,5,1019,cv,4.46,0,0
2012/3/5 0:00,201,-7,-3,1018,NW,1.79,0,0
2012/3/5 8:00,181,-4,-3,1015,NE,0.89,0,0
2012/3/5 16:00,137,-7,4,1011,NW,13.42,0,0
2012/3/6 0:00,28,-9,2,1012,NW,14.75,0,0
2012/3/6 8:00,15,-15,2,1016,NW,83.6,0,0
2012/3/6 16:00,18,-16,10,1016,NW,154.69,0,0
2012/3/7 0:00,47,-15,4,1018,NW,4.02,0,0
2012/3/7 8:00,10,-12,5,1023,NW,14.76,0,0
2012/3/7 16:00,17,-18,10,1020,NW,68.39,0,0
2012/3/8 0:00,12,-17,-2,1029,NW,129.64,0,0
2012/3/8 8:00,13,-20,-4,1032,NE,34.43,0,0
2012/3/8 16:00,19,-23,2,1028,NE,10.28,0,0
2012/3/9 0:00,18,-14,-4,1029,SE,0.89,0,0
2012/3/9 8:00,119,-7,-4,1030,SE,0.89,0,0
2012/3/9 16:00,77,-12,6,1023,SE,21.01,0,0
2012/3/10 0:00,89,-8,-1,1023,SE,47.83,0,0
2012/3/10 8:00,28,-14,1,1025,NW,15.65,0,0
2012/3/10 16:00,14,-24,4,1027,NW,95.66,0,0
2012/3/11 0:00,4,-19,-3,1035,NW,165.39,0,0
2012/3/11 8:00,12,-21,-4,1037,NW,221.71,0,0
2012/3/11 16:00,20,-23,6,1029,NW,273.12,0,0
2012/3/12 0:00,72,-17,-4,1030,cv,0.45,0,0
2012/3/12 8:00,95,-14,-1,1030,NW,10.74,0,0
2012/3/12 16:00,64,-19,9,1023,SE,11.17,0,0
2012/3/13 0:00,106,-13,2,1023,SE,3.58,0,0
2012/3/13 8:00,180,-10,-1,1022,cv,0.89,0,0
2012/3/13 16:00,75,-14,14,1015,SE,25.48,0,0
2012/3/14 0:00,10,-16,5,1021,NE,8.05,0,0
2012/3/14 8:00,17,-17,5,1026,NE,31.74,0,0
2012/3/14 16:00,0,-17,12,1024,SE,12.07,0,0
2012/3/15 0:00,71,-9,0,1028,SE,46.03,0,0
2012/3/15 8:00,89,-8,0,1028,NE,1.79,0,0
2012/3/15 16:00,114,-6,9,1020,SE,15.65,0,0
2012/3/16 0:00,180,2,4,1018,SE,11.18,0,2
2012/3/16 8:00,232,3,4,1014,cv,0.89,0,0
2012/3/16 16:00,320,3,11,1010,SE,6.71,0,0
2012/3/17 0:00,280,3,4,1013,cv,0.89,0,0
2012/3/17 8:00,188,2,2,1013,SE,6.71,0,0
2012/3/17 16:00,195,3,4,1012,SE,38,0,1
2012/3/18 0:00,113,0,0,1021,cv,1.34,3,0
2012/3/18 8:00,17,-7,-1,1027,NE,35.77,0,0
2012/3/18 16:00,43,-6,4,1027,cv,1.79,0,0
2012/3/19 0:00,69,-2,1,1028,SE,1.79,0,0
2012/3/19 8:00,76,-3,2,1028,NE,2.67,0,0
2012/3/19 16:00,114,-2,5,1023,SE,12.07,0,0
2012/3/20 0:00,125,-2,0,1024,cv,0.89,0,0
2012/3/20 8:00,159,0,1,1026,NW,9.83,0,0
2012/3/20 16:00,104,-4,11,1022,SE,12.07,0,0
2012/3/21 0:00,187,1,5,1023,SE,42.46,0,0
2012/3/21 8:00,252,1,2,1022,NE,1.79,0,0
2012/3/21 16:00,241,2,10,1017,NW,4.02,0,0
2012/3/22 0:00,407,2,8,1019,NW,0.89,0,0
2012/3/22 8:00,282,3,6,1024,SE,2.68,0,0
2012/3/22 16:00,69,-6,11,1020,SE,12.06,0,0
2012/3/23 0:00,37,-5,7,1019,SE,46.04,0,0
2012/3/23 8:00,81,2,3,1014,SE,1.79,0,0
2012/3/23 16:00,11,-14,12,1015,NW,99.25,0,0
2012/3/24 0:00,14,-8,2,1017,cv,4.45,0,0
2012/3/24 8:00,15,-11,9,1019,NW,57.66,0,0
2012/3/24 16:00,10,-13,14,1017,NW,147.96,0,0
2012/3/25 0:00,31,-8,3,1023,cv,1.78,0,0
2012/3/25 8:00,22,-11,7,1026,NE,1.79,0,0
2012/3/25 16:00,35,-10,15,1020,SE,15.2,0,0
2012/3/26 0:00,118,-5,6,1021,SE,1.79,0,0
2012/3/26 8:00,148,-3,6,1021,NW,2.68,0,0
2012/3/26 16:00,147,-4,18,1015,SE,6.26,0,0
2012/3/27 0:00,280,-1,5,1019,NW,3.13,0,0
2012/3/27 8:00,152,-3,11,1022,NW,23.25,0,0
2012/3/27 16:00,31,-10,25,1018,NW,58.57,0,0
2012/3/28 0:00,117,-8,16,1023,NE,4.91,0,0
2012/3/28 8:00,97,-5,13,1027,NE,1.79,0,0
2012/3/28 16:00,48,-5,18,1021,SE,38.45,0,0
2012/3/29 0:00,47,-3,11,1017,cv,0.89,0,0
2012/3/29 8:00,77,-1,11,1014,NW,4.92,0,1
2012/3/29 16:00,23,-11,22,1011,NW,60.35,0,0
2012/3/30 0:00,15,-11,11,1020,NW,153.33,0,0
2012/3/30 8:00,10,-12,9,1025,NW,223.95,0,0
2012/3/30 16:00,12,-19,12,1020,NW,294.12,0,0
2012/3/31 0:00,40,-10,11,1017,SE,7.15,0,0
2012/3/31 8:00,10,-14,6,1021,NE,10.73,0,0
2012/3/31 16:00,29,-15,13,1018,SE,10.73,0,0
2012/4/1 0:00,39,-8,5,1019,SE,35.76,0,0
2012/4/1 8:00,82,-5,6,1019,SE,1.79,0,0
2012/4/1 16:00,40,-8,11,1014,SE,42.91,0,0
2012/4/2 0:00,28,-10,6,1014,cv,0.89,0,0
2012/4/2 8:00,38,-4,6,1015,SE,4.47,0,0
2012/4/2 16:00,64,-3,11,1014,SE,19.67,0,0
2012/4/3 0:00,11,-10,8,1021,NW,27.72,0,0
2012/4/3 8:00,20,-15,10,1019,NW,1.79,0,0
2012/4/3 16:00,32,-15,21,1009,NW,20.56,0,0
2012/4/4 0:00,18,-13,10,1011,SE,1.79,0,0
2012/4/4 8:00,11,-12,16,1012,NW,25.93,0,0
2012/4/4 16:00,18,-16,19,1010,NW,96.55,0,0
2012/4/5 0:00,19,-14,11,1016,NW,12.07,0,0
2012/4/5 8:00,17,-14,12,1018,NW,61.69,0,0
2012/4/5 16:00,17,-12,18,1013,NW,128.73,0,0
2012/4/6 0:00,15,-8,12,1017,NE,3.13,0,0
2012/4/6 8:00,44,-6,12,1018,SE,1.79,0,0
2012/4/6 16:00,21,-8,23,1014,NW,4.02,0,0
2012/4/7 0:00,18,-8,5,1021,SE,30.85,0,0
2012/4/7 8:00,53,-8,8,1020,NW,6.26,0,0
2012/4/7 16:00,76,-4,20,1011,SE,19.67,0,0
2012/4/8 0:00,160,-2,12,1013,NW,4.92,0,0
2012/4/8 8:00,33,-16,17,1017,NW,41.58,0,0
2012/4/8 16:00,22,-14,24,1012,NW,90.75,0,0
2012/4/9 0:00,63,-6,14,1014,SE,16.99,0,0
2012/4/9 8:00,164,0,13,1016,cv,0.89,0,0
2012/4/9 16:00,119,4,27,1009,SE,34.88,0,0
2012/4/10 0:00,81,7,18,1011,SE,64.39,0,0
2012/4/10 8:00,68,6,20,1009,SE,8.05,0,0
2012/4/10 16:00,56,8,21,1006,SE,78.24,0,0
2012/4/11 0:00,37,2,14,1013,NE,7.15,0,0
2012/4/11 8:00,10,-10,12,1021,NW,24.58,0,0
2012/4/11 16:00,15,-12,19,1012,NW,71.53,0,0
2012/4/12 0:00,45,-5,14,1011,NW,4.02,0,0
2012/4/12 8:00,47,-12,17,1010,NW,34.42,0,0
2012/4/12 16:00,24,-6,26,1005,NW,11.17,0,0
2012/4/13 0:00,51,-1,14,1009,cv,1.78,0,0
2012/4/13 8:00,91,1,15,1010,SE,1.79,0,0
2012/4/13 16:00,22,-3,27,1004,SE,36.22,0,0
2012/4/14 0:00,50,1,21,1006,SE,83.6,0,0
2012/4/14 8:00,101,4,18,1008,SE,0.89,0,0
2012/4/14 16:00,36,-5,29,1002,SE,33.97,0,0
2012/4/15 0:00,79,4,19,1003,SE,81.36,0,0
2012/4/15 8:00,139,9,18,1007,NE,3.57,0,0
2012/4/15 16:00,24,6,23,1007,SE,10.73,0,0
2012/4/16 0:00,56,1,14,1017,SE,45.6,0,0
2012/4/16 8:00,15,-7,16,1021,cv,0.89,0,0
2012/4/16 16:00,40,-10,21,1013,SE,12.52,0,0
2012/4/17 0:00,70,1,15,1013,SE,50.06,0,0
2012/4/17 8:00,101,3,13,1012,SE,73.75,0,0
2012/4/17 16:00,168,4,25,1004,SE,23.69,0,0
2012/4/18 0:00,105,11,19,1006,SE,63.03,0,0
2012/4/18 8:00,144,12,17,1008,SE,87.62,0,0
2012/4/18 16:00,213,12,22,1007,SE,109.98,0,0
2012/4/19 0:00,50,13,14,1011,NW,1.79,0,5
2012/4/19 8:00,97,8,13,1013,SE,5.81,0,0
2012/4/19 16:00,154,9,15,1011,NE,1.79,0,0
2012/4/20 0:00,164,10,14,1014,NW,3.58,0,0
2012/4/20 8:00,149,13,15,1016,SE,2.68,0,0
2012/4/20 16:00,90,11,12,1017,SE,37.54,0,0
2012/4/21 0:00,129,12,12,1017,cv,0.89,0,6
2012/4/21 8:00,154,10,12,1013,SE,18.32,0,0
2012/4/21 16:00,156,11,16,1008,cv,1.78,0,0
2012/4/22 0:00,150,11,14,1007,cv,1.79,0,0
2012/4/22 8:00,115,9,13,1005,SE,12.08,0,0
2012/4/22 16:00,160,12,22,1001,SE,6.26,0,0
2012/4/23 0:00,217,13,16,1004,SE,25.48,0,0
2012/4/23 8:00,230,13,17,1004,SE,13.42,0,0
2012/4/23 16:00,272,16,24,1001,SE,3.58,0,0
2012/4/24 0:00,157,14,19,1004,SE,8.94,0,0
2012/4/24 8:00,187,14,17,1004,NW,3.13,0,3
2012/4/24 16:00,38,13,14,1006,NW,39.33,0,11
2012/4/25 0:00,13,8,13,1007,NW,74.2,0,0
2012/4/25 8:00,10,-2,16,1009,NW,108.17,0,0
2012/4/25 16:00,12,-8,20,1007,NW,174.31,0,0
2012/4/26 0:00,45,2,9,1008,cv,3.56,0,0
2012/4/26 8:00,51,2,11,1005,cv,1.78,0,0
2012/4/26 16:00,62,2,24,998,SE,12.07,0,0
2012/4/27 0:00,143,8,14,997,cv,1.78,0,0
2012/4/27 8:00,107,11,18,998,cv,4.45,0,0
2012/4/27 16:00,29,-12,23,1001,NW,105.49,0,0
2012/4/28 0:00,41,-14,14,1009,NE,4.02,0,0
2012/4/28 8:00,98,-9,13,1013,NE,3.13,0,0
2012/4/28 16:00,114,-6,19,1011,SE,17.88,0,0
2012/4/29 0:00,203,-1,12,1014,SE,41.13,0,0
2012/4/29 8:00,198,3,13,1014,NW,6.71,0,0
2012/4/29 16:00,141,0,20,1009,SE,13.41,0,0
2012/4/30 0:00,121,10,13,1011,SE,30.4,0,0
2012/4/30 8:00,166,12,13,1010,SE,3.58,0,0
2012/4/30 16:00,155,12,21,1008,NE,4.92,0,0
2012/5/1 0:00,267,13,15,1011,cv,0.45,0,0
2012/5/1 8:00,186,12,17,1013,cv,0.89,0,0
2012/5/1 16:00,156,12,22,1011,SE,31.3,0,0
2012/5/2 0:00,74,9,17,1010,cv,0.89,0,0
2012/5/2 8:00,120,13,18,1010,cv,1.79,0,0
2012/5/2 16:00,90,6,31,1005,SE,8.04,0,0
2012/5/3 0:00,126,12,17,1008,cv,0.89,0,0
2012/5/3 8:00,61,9,23,1010,NW,12.07,0,0
2012/5/3 16:00,45,4,31,1005,SE,8.94,0,0
2012/5/4 0:00,99,11,19,1007,SE,3.58,0,0
2012/5/4 8:00,82,14,22,1008,cv,0.89,0,0
2012/5/4 16:00,126,11,33,1003,SE,13.41,0,0
2012/5/5 0:00,50,10,18,1010,cv,0.89,0,0
2012/5/5 8:00,108,4,24,1013,NE,8.94,0,0
2012/5/5 16:00,212,1,30,1006,SE,1.79,0,0
2012/5/6 0:00,68,7,23,1005,SE,36.65,0,0
2012/5/6 8:00,102,9,20,1005,SE,1.79,0,0
2012/5/6 16:00,142,10,28,1003,SE,23.24,0,0
2012/5/7 0:00,57,5,19,1006,NE,1.79,0,0
2012/5/7 8:00,84,7,18,1005,NW,3.13,0,0
2012/5/7 16:00,105,6,26,1002,SE,6.26,0,0
2012/5/8 0:00,71,-1,19,1007,SE,11.63,0,0
2012/5/8 8:00,135,9,21,1008,NW,5.37,0,0
2012/5/8 16:00,73,4,31,1006,SE,1.79,0,0
2012/5/9 0:00,71,6,20,1012,SE,22.8,0,0
2012/5/9 8:00,166,6,20,1015,cv,1.78,0,0
2012/5/9 16:00,124,6,27,1011,SE,28.17,0,0
2012/5/10 0:00,148,9,18,1012,cv,0.45,0,0
2012/5/10 8:00,168,10,21,1012,NE,1.79,0,0
2012/5/10 16:00,172,16,29,1009,SE,14.31,0,0
2012/5/11 0:00,247,13,22,1011,SE,31.75,0,0
2012/5/11 8:00,153,13,20,1013,SE,25.04,0,0
2012/5/11 16:00,143,16,19,1010,NW,8.05,0,0
2012/5/12 0:00,138,12,16,1011,SE,1.79,0,2
2012/5/12 8:00,141,14,16,1012,NW,1.79,0,10
2012/5/12 16:00,29,11,23,1008,SE,9.83,0,0
2012/5/13 0:00,130,14,16,1011,SE,45.58,0,0
2012/5/13 8:00,185,14,15,1009,SE,71.05,0,0
2012/5/13 16:00,66,13,22,1003,SE,115.3,0,1
2012/5/14 0:00,96,12,17,1010,NE,11.17,0,0
2012/5/14 8:00,31,0,19,1009,NW,1.79,0,0
2012/5/14 16:00,30,-7,27,1005,NW,28.6,0,0
2012/5/15 0:00,43,-6,17,1008,NW,73.73,0,0
2012/5/15 8:00,37,-1,19,1007,NW,3.13,0,0
2012/5/15 16:00,16,-5,27,1002,NW,78.24,0,0
2012/5/16 0:00,40,1,21,1002,SE,8.94,0,0
2012/5/16 8:00,19,0,20,1005,NW,44.7,0,0
2012/5/16 16:00,28,-1,28,1001,NW,127.82,0,0
2012/5/17 0:00,38,-5,25,1001,NW,185.93,0,0
2012/5/17 8:00,73,7,20,1008,SE,5.81,0,0
2012/5/17 16:00,85,8,29,1004,SE,24.13,0,0
2012/5/18 0:00,34,7,17,1008,SE,54.09,0,0
2012/5/18 8:00,69,9,19,1009,SE,1.79,0,0
2012/5/18 16:00,125,15,31,1004,SE,8.05,0,0
2012/5/19 0:00,146,15,24,1006,SE,1.79,0,0
2012/5/19 8:00,151,17,23,1009,SE,12.08,0,0
2012/5/19 16:00,154,19,30,1007,SE,33.1,0,0
2012/5/20 0:00,0,15,22,1012,SE,14.76,0,0
2012/5/20 8:00,0,16,21,1015,SE,1.79,0,0
2012/5/20 16:00,0,13,23,1014,SE,25.93,0,0
2012/5/21 0:00,0,15,19,1015,SE,4.92,0,0
2012/5/21 8:00,0,15,20,1016,cv,1.78,0,0
2012/5/21 16:00,165,18,26,1013,SE,3.13,0,0
2012/5/22 0:00,170,17,22,1013,cv,3.13,0,0
2012/5/22 8:00,0,17,21,1012,cv,0.89,0,0
2012/5/22 16:00,61,10,28,1008,SE,29.05,0,0
2012/5/23 0:00,132,15,24,1009,SE,59.89,0,0
2012/5/23 8:00,13,1,22,1014,NE,7.15,0,0
2012/5/23 16:00,15,-1,27,1009,SE,1.79,0,0
2012/5/24 0:00,51,7,19,1010,SE,1.79,0,0
2012/5/24 8:00,33,2,22,1012,NE,3.13,0,0
2012/5/24 16:00,6,-2,27,1009,cv,1.79,0,0
2012/5/25 0:00,69,7,16,1010,cv,1.78,0,0
2012/5/25 8:00,22,5,22,1011,SE,1.79,0,0
2012/5/25 16:00,63,6,27,1007,SE,4.92,0,0
2012/5/26 0:00,99,12,17,1009,SE,1.79,0,0
2012/5/26 8:00,156,13,20,1007,cv,2.67,0,0
2012/5/26 16:00,39,5,33,1001,SE,27.28,0,0
2012/5/27 0:00,54,8,22,1003,SE,69.75,0,0
2012/5/27 8:00,101,12,24,1007,SE,3.58,0,0
2012/5/27 16:00,144,16,30,1006,SE,36.66,0,0
2012/5/28 0:00,124,13,21,1011,cv,0.89,0,0
2012/5/28 8:00,0,12,24,1014,NW,4.92,0,0
2012/5/28 16:00,105,13,33,1009,SE,22.8,0,0
2012/5/29 0:00,94,15,25,1011,SE,3.58,0,0
2012/5/29 8:00,102,15,24,1011,SE,25.49,0,0
2012/5/29 16:00,33,13,22,1011,NW,9.83,0,2
2012/5/30 0:00,11,9,16,1014,NE,15.19,0,0
2012/5/30 8:00,6,9,21,1017,NW,4.02,0,0
2012/5/30 16:00,12,3,28,1015,NW,1.79,0,0
2012/5/31 0:00,68,7,15,1018,cv,2.23,0,0
2012/5/31 8:00,82,9,20,1020,cv,0.89,0,0
2012/5/31 16:00,43,6,27,1014,SE,23.7,0,0
2012/6/1 0:00,50,15,17,1015,NW,4.92,0,0
2012/6/1 8:00,53,13,18,1014,cv,0.89,0,0
2012/6/1 16:00,71,14,23,1010,SE,15.2,0,0
2012/6/2 0:00,143,17,17,1012,SE,5.36,0,0
2012/6/2 8:00,180,18,19,1012,SE,3.58,0,0
2012/6/2 16:00,62,11,29,1007,SE,35.32,0,0
2012/6/3 0:00,159,16,22,1007,SE,60.37,0,0
2012/6/3 8:00,237,19,21,1007,cv,1.78,0,0
2012/6/3 16:00,59,19,21,1004,SE,4.92,0,4
2012/6/4 0:00,95,16,17,1006,cv,3.12,0,0
2012/6/4 8:00,167,18,20,1006,cv,1.78,0,0
2012/6/4 16:00,75,15,32,1002,SE,20.56,0,0
2012/6/5 0:00,69,16,22,1003,NE,1.79,0,0
2012/6/5 8:00,76,13,26,1006,NE,4.02,0,0
2012/6/5 16:00,20,12,33,1002,SE,7.15,0,0
2012/6/6 0:00,199,17,23,1003,SE,33.08,0,0
2012/6/6 8:00,167,14,23,1002,SE,1.79,0,0
2012/6/6 16:00,212,19,30,999,SE,13.42,0,0
2012/6/7 0:00,48,14,22,1001,NW,11.17,0,0
2012/6/7 8:00,38,16,24,1001,cv,0.89,0,0
2012/6/7 16:00,91,16,32,998,SE,17.88,0,0
2012/6/8 0:00,17,13,24,1000,NE,3.13,0,0
2012/6/8 8:00,103,17,23,1002,cv,0.89,0,0
2012/6/8 16:00,56,14,34,997,SE,20.56,0,0
2012/6/9 0:00,71,18,25,999,SE,51.4,0,0
2012/6/9 8:00,186,20,24,1000,cv,0.89,0,0
2012/6/9 16:00,104,14,33,994,SE,22.35,0,0
2012/6/10 0:00,47,18,19,1000,cv,0.89,0,0
2012/6/10 8:00,8,10,21,1002,NW,4.02,0,0
2012/6/10 16:00,6,-2,29,1000,NW,16.1,0,0
2012/6/11 0:00,26,5,23,999,SE,25.03,0,0
2012/6/11 8:00,52,10,22,1000,NE,1.79,0,0
2012/6/11 16:00,9,2,33,994,NW,4.02,0,0
2012/6/12 0:00,60,12,20,995,cv,0.89,0,0
2012/6/12 8:00,13,9,25,997,NW,13.41,0,0
2012/6/12 16:00,6,8,30,996,cv,1.79,0,0
2012/6/13 0:00,11,10,21,1000,cv,0.89,0,0
2012/6/13 8:00,130,14,22,1001,NE,3.13,0,0
2012/6/13 16:00,65,14,25,998,SE,17.88,0,0
2012/6/14 0:00,17,14,20,1002,NE,27.27,0,0
2012/6/14 8:00,14,14,20,1005,NW,20.11,0,0
2012/6/14 16:00,7,11,27,1003,SE,3.13,0,0
2012/6/15 0:00,11,14,19,1007,NW,8.05,0,0
2012/6/15 8:00,12,13,25,1007,NW,9.84,0,0
2012/6/15 16:00,6,10,29,1005,NE,8.05,0,0
2012/6/16 0:00,16,12,19,1006,NW,29.06,0,0
2012/6/16 8:00,16,13,26,1006,cv,0.89,0,0
2012/6/16 16:00,17,9,34,1001,SE,4.02,0,0
2012/6/17 0:00,35,16,20,1004,cv,0.89,0,0
2012/6/17 8:00,49,16,25,1004,SE,1.79,0,0
2012/6/17 16:00,103,10,38,999,SE,21.46,0,0
2012/6/18 0:00,101,13,29,1001,SE,1.79,0,0
2012/6/18 8:00,144,17,26,1004,NW,4.02,0,0
2012/6/18 16:00,202,17,31,1001,SE,25.03,0,0
2012/6/19 0:00,259,18,24,1002,SE,20.56,0,0
2012/6/19 8:00,140,18,24,1003,SE,1.79,0,0
2012/6/19 16:00,275,20,30,998,SE,16.99,0,0
2012/6/20 0:00,277,21,23,1002,SE,40.68,0,0
2012/6/20 8:00,111,18,24,1003,cv,0.45,0,0
2012/6/20 16:00,130,18,31,1001,SE,12.07,0,0
2012/6/21 0:00,185,20,24,1004,SE,36.21,0,0
2012/6/21 8:00,193,19,25,1005,cv,1.78,0,0
2012/6/21 16:00,163,19,31,1001,SE,1.79,0,0
2012/6/22 0:00,0,19,20,1004,SE,28.16,0,3
2012/6/22 8:00,85,20,23,1005,SE,3.13,0,0
2012/6/22 16:00,165,21,28,1002,SE,29.5,0,0
2012/6/23 0:00,127,20,23,1004,cv,0.89,0,0
2012/6/23 8:00,159,21,24,1003,SE,6.71,0,0
2012/6/23 16:00,173,21,26,1001,SE,1.79,0,0
2012/6/24 0:00,186,22,23,1002,SE,1.79,0,0
2012/6/24 8:00,162,21,23,1002,SE,22.8,0,0
2012/6/24 16:00,140,22,24,1002,cv,2.67,0,5
2012/6/25 0:00,75,21,21,1004,cv,1.78,0,4
2012/6/25 8:00,94,21,22,1006,NW,1.79,0,0
2012/6/25 16:00,135,20,26,1006,SE,22.35,0,0
2012/6/26 0:00,64,21,24,1008,SE,46.94,0,0
2012/6/26 8:00,120,20,23,1010,SE,1.79,0,0
2012/6/26 16:00,149,21,28,1009,SE,7.15,0,0
2012/6/27 0:00,48,20,22,1012,SE,27.27,0,0
2012/6/27 8:00,111,19,24,1014,SE,3.58,0,0
2012/6/27 16:00,72,18,27,1011,SE,6.26,0,0
2012/6/28 0:00,34,19,23,1011,SE,25.49,0,0
2012/6/28 8:00,60,20,21,1011,SE,1.79,0,5
2012/6/28 16:00,208,21,23,1008,NE,3.58,0,0
2012/6/29 0:00,129,21,21,1007,SE,2.68,0,3
2012/6/29 8:00,72,20,21,1006,cv,0.89,0,11
2012/6/29 16:00,69,21,24,1003,SE,3.58,0,0
2012/6/30 0:00,110,21,22,1004,cv,0.89,0,0
2012/6/30 8:00,100,22,25,1004,NW,4.92,0,0
2012/6/30 16:00,27,16,34,1001,SE,3.13,0,0
2012/7/1 0:00,77,22,26,1002,SE,34.41,0,0
2012/7/1 8:00,135,23,25,1000,SE,11.63,0,0
2012/7/1 16:00,140,23,34,996,SE,37.56,0,0
2012/7/2 0:00,200,25,28,999,NW,6.26,0,0
2012/7/2 8:00,17,14,28,1001,NE,1.79,0,0
2012/7/2 16:00,0,14,35,996,cv,7.15,0,0
2012/7/3 0:00,33,17,25,997,cv,0.89,0,0
2012/7/3 8:00,29,19,29,997,NW,17.88,0,0
2012/7/3 16:00,22,15,35,995,SE,1.79,0,0
2012/7/4 0:00,115,16,27,999,SE,28.62,0,0
2012/7/4 8:00,96,18,27,1001,cv,0.89,0,0
2012/7/4 16:00,114,19,31,1000,SE,8.94,0,0
2012/7/5 0:00,77,19,24,1003,SE,42.91,0,0
2012/7/5 8:00,73,22,24,1003,cv,0.89,0,1
2012/7/5 16:00,109,20,26,1002,SE,10.73,0,0
2012/7/6 0:00,34,20,21,1003,NW,7.15,0,0
2012/7/6 8:00,59,21,23,1003,cv,0.89,0,0
2012/7/6 16:00,168,23,25,1002,SE,1.79,0,0
2012/7/7 0:00,184,23,24,1002,cv,2.67,0,0
2012/7/7 8:00,183,24,25,1003,cv,1.78,0,0
2012/7/7 16:00,90,25,31,1000,SE,24.14,0,0
2012/7/8 0:00,171,22,26,1002,cv,0.89,0,0
2012/7/8 8:00,186,23,26,1002,NE,1.79,0,0
2012/7/8 16:00,139,24,29,1001,SE,4.92,0,0
2012/7/9 0:00,115,24,25,1002,SE,29.51,0,2
2012/7/9 8:00,127,24,25,1003,cv,1.78,0,0
2012/7/9 16:00,96,24,27,1001,SE,16.99,0,0
2012/7/10 0:00,62,23,24,1001,SE,3.58,0,0
2012/7/10 8:00,42,24,27,998,NW,10.29,0,0
2012/7/10 16:00,63,25,32,992,SE,16.09,0,0
2012/7/11 0:00,25,21,23,995,NW,1.79,0,0
2012/7/11 8:00,86,22,22,995,NE,1.79,0,0
2012/7/11 16:00,87,23,31,993,NE,3.13,0,0
2012/7/12 0:00,28,21,23,996,cv,0.89,0,0
2012/7/12 8:00,20,22,26,998,NE,3.13,0,0
2012/7/12 16:00,9,20,32,997,cv,1.78,0,0
2012/7/13 0:00,29,20,25,1002,SE,5.37,0,0
2012/7/13 8:00,22,20,26,1004,NW,4.92,0,0
2012/7/13 16:00,28,19,30,1002,cv,5.35,0,0
2012/7/14 0:00,46,22,24,1004,NE,1.78,0,0
2012/7/14 8:00,23,18,25,1005,NE,3.13,0,0
2012/7/14 16:00,19,17,30,1002,SE,3.13,0,0
2012/7/15 0:00,63,19,23,1004,cv,0.89,0,0
2012/7/15 8:00,32,18,26,1006,NE,3.13,0,0
2012/7/15 16:00,26,15,33,1004,SE,1.79,0,0
2012/7/16 0:00,60,18,25,1007,SE,23.7,0,0
2012/7/16 8:00,131,20,27,1009,cv,0.89,0,0
2012/7/16 16:00,51,17,34,1006,SE,7.15,0,0
2012/7/17 0:00,60,17,27,1008,SE,31.74,0,0
2012/7/17 8:00,108,22,26,1011,SE,18.78,0,0
2012/7/17 16:00,83,20,31,1008,SE,45.6,0,0
2012/7/18 0:00,89,22,25,1010,SE,75.1,0,0
2012/7/18 8:00,65,21,24,1010,SE,93.44,0,0
2012/7/18 16:00,95,21,30,1006,SE,12.97,0,0
2012/7/19 0:00,82,22,26,1006,SE,32.65,0,0
2012/7/19 8:00,126,23,25,1007,SE,8.95,0,0
2012/7/19 16:00,126,23,31,1004,SE,23.27,0,0
2012/7/20 0:00,160,24,27,1005,SE,7.6,0,0
2012/7/20 8:00,206,24,27,1006,SE,3.58,0,0
2012/7/20 16:00,197,24,32,1003,SE,19.23,0,0
2012/7/21 0:00,240,25,28,1004,SE,37.12,0,0
2012/7/21 8:00,233,25,27,1004,SE,54.12,0,0
2012/7/21 16:00,31,23,24,1000,NE,14.3,0,6
2012/7/22 0:00,28,23,23,998,NE,3.13,0,19
2012/7/22 8:00,24,23,25,997,NW,3.13,0,0
2012/7/22 16:00,12,17,34,999,NW,60.8,0,0
2012/7/23 0:00,27,19,23,1003,NW,3.13,0,0
2012/7/23 8:00,17,20,27,1005,NW,3.13,0,0
2012/7/23 16:00,69,22,32,1004,SE,8.5,0,0
2012/7/24 0:00,27,23,25,1007,SE,30.4,0,0
2012/7/24 8:00,66,21,25,1009,cv,4.45,0,0
2012/7/24 16:00,75,21,31,1008,SE,3.13,0,0
2012/7/25 0:00,109,23,26,1009,SE,16.55,0,0
2012/7/25 8:00,95,24,26,1010,SE,6.71,0,0
2012/7/25 16:00,62,25,28,1006,SE,29.07,0,0
2012/7/26 0:00,73,25,26,1005,SE,21.46,0,0
2012/7/26 8:00,68,25,25,1004,SE,1.79,0,0
2012/7/26 16:00,30,24,26,1004,SE,29.05,0,0
2012/7/27 0:00,0,23,25,1005,SE,4.47,0,0
2012/7/27 8:00,80,24,26,1006,cv,0.89,0,0
2012/7/27 16:00,86,26,28,1005,NE,3.58,0,0
2012/7/28 0:00,51,25,26,1006,SE,1.79,0,3
2012/7/28 8:00,116,25,25,1003,SE,16.99,0,0
2012/7/28 16:00,124,26,31,999,SE,46.5,0,0
2012/7/29 0:00,0,23,24,998,NW,8.94,0,0
2012/7/29 8:00,0,23,27,999,NW,17.89,0,0
2012/7/29 16:00,0,20,35,998,NE,1.79,0,0
2012/7/30 0:00,0,22,25,1001,NW,1.79,0,0
2012/7/30 8:00,0,20,27,1004,NE,11.18,0,0
2012/7/30 16:00,49,24,26,1004,SE,1.79,0,1
2012/7/31 0:00,38,22,22,1006,NW,6.71,0,7
2012/7/31 8:00,25,21,21,1007,cv,0.89,0,5
2012/7/31 16:00,20,20,21,1006,NW,4.92,0,13
2012/8/1 0:00,9,20,20,1008,NW,30.4,0,21
2012/8/1 8:00,22,20,20,1008,NW,9.83,0,4
2012/8/1 16:00,6,20,22,1006,NW,4.92,0,12
2012/8/2 0:00,18,19,20,1007,NW,1.79,0,0
2012/8/2 8:00,9,21,25,1008,NW,11.62,0,0
2012/8/2 16:00,17,21,31,1007,SE,5.37,0,0
2012/8/3 0:00,69,23,25,1009,SE,7.6,0,0
2012/8/3 8:00,77,24,25,1009,NW,1.79,0,0
2012/8/3 16:00,0,24,30,1006,SE,12.97,0,0
2012/8/4 0:00,28,22,24,1007,SE,35.32,0,0
2012/8/4 8:00,30,22,28,1007,NW,8.94,0,0
2012/8/4 16:00,15,23,31,1008,SE,9.39,0,0
2012/8/5 0:00,32,24,26,1011,cv,0.89,0,0
2012/8/5 8:00,49,25,26,1011,NE,1.79,0,0
2012/8/5 16:00,29,22,31,1010,SE,11.18,0,0
2012/8/6 0:00,73,23,26,1011,SE,31.3,0,0
2012/8/6 8:00,85,25,28,1010,cv,0.89,0,0
2012/8/6 16:00,46,23,32,1007,SE,15.2,0,0
2012/8/7 0:00,57,23,27,1008,SE,32.2,0,0
2012/8/7 8:00,74,25,28,1008,cv,2.67,0,0
2012/8/7 16:00,57,25,31,1005,SE,12.06,0,0
2012/8/8 0:00,89,25,27,1005,SE,4.92,0,0
2012/8/8 8:00,120,25,26,1006,cv,0.89,0,2
2012/8/8 16:00,33,26,31,1004,NE,4.02,0,0
2012/8/9 0:00,31,24,24,1006,NW,4.92,0,0
2012/8/9 8:00,40,23,27,1008,cv,0.89,0,0
2012/8/9 16:00,56,21,32,1005,SE,5.81,0,0
2012/8/10 0:00,37,23,25,1008,SE,0.89,0,0
2012/8/10 8:00,100,24,26,1008,cv,1.78,0,0
2012/8/10 16:00,58,20,31,1005,SE,11.18,0,0
2012/8/11 0:00,85,22,24,1006,cv,0.89,0,0
2012/8/11 8:00,112,22,25,1007,SE,1.79,0,0
2012/8/11 16:00,67,21,27,1006,cv,2.67,0,3
2012/8/12 0:00,0,20,20,1006,NW,28.61,0,11
2012/8/12 8:00,0,21,22,1005,NW,52.76,0,0
2012/8/12 16:00,0,22,28,1004,SE,18.33,0,0
2012/8/13 0:00,0,21,22,1009,cv,1.78,0,3
2012/8/13 8:00,0,19,24,1010,NW,21.02,0,0
2012/8/13 16:00,15,14,29,1008,SE,6.71,0,0
2012/8/14 0:00,0,19,21,1008,SE,6.26,0,0
2012/8/14 8:00,73,19,21,1008,NE,1.79,0,0
2012/8/14 16:00,42,14,23,1006,SE,31.74,0,0
2012/8/15 0:00,48,16,19,1006,SE,54.99,0,0
2012/8/15 8:00,70,18,22,1006,NW,4.02,0,0
2012/8/15 16:00,25,18,31,1006,cv,0.89,0,0
2012/8/16 0:00,91,20,22,1010,SE,18.32,0,0
2012/8/16 8:00,108,21,24,1012,cv,1.78,0,0
2012/8/16 16:00,0,19,30,1009,SE,16.98,0,0
2012/8/17 0:00,70,18,24,1010,SE,46.04,0,0
2012/8/17 8:00,123,21,23,1009,SE,1.79,0,0
2012/8/17 16:00,130,22,28,1006,SE,24.15,0,0
2012/8/18 0:00,206,22,25,1007,SE,55.43,0,1
2012/8/18 8:00,182,22,24,1007,SE,73.32,0,0
2012/8/18 16:00,0,24,26,1006,cv,0.89,0,2
2012/8/19 0:00,0,22,22,1007,NW,3.13,0,0
2012/8/19 8:00,0,22,22,1008,cv,0.89,0,0
2012/8/19 16:00,0,20,30,1005,SE,5.81,0,0
2012/8/20 0:00,0,23,24,1006,SE,24.14,0,0
2012/8/20 8:00,0,23,24,1006,SE,5.37,0,0
2012/8/20 16:00,0,23,29,1004,cv,1.78,0,0
2012/8/21 0:00,0,14,23,1010,NW,11.18,0,0
2012/8/21 8:00,0,13,24,1014,NW,33.54,0,0
2012/8/21 16:00,8,9,28,1013,cv,9.84,0,0
2012/8/22 0:00,36,15,17,1015,NE,1.79,0,0
2012/8/22 8:00,21,8,23,1018,NW,10.28,0,0
2012/8/22 16:00,22,2,28,1014,SE,11.18,0,0
2012/8/23 0:00,40,13,17,1016,SE,3.58,0,0
2012/8/23 8:00,91,14,19,1016,cv,2.67,0,0
2012/8/23 16:00,65,16,29,1012,SE,12.07,0,0
2012/8/24 0:00,66,17,20,1014,SE,0.89,0,0
2012/8/24 8:00,124,18,21,1015,cv,0.89,0,0
2012/8/24 16:00,52,11,29,1012,SE,19.21,0,0
2012/8/25 0:00,90,16,21,1013,SE,8.05,0,0
2012/8/25 8:00,149,17,21,1013,cv,1.78,0,0
2012/8/25 16:00,118,15,29,1010,SE,11.17,0,0
2012/8/26 0:00,120,18,21,1011,SE,28.6,0,0
2012/8/26 8:00,180,19,23,1012,NW,1.79,0,0
2012/8/26 16:00,145,19,29,1009,SE,23.69,0,0
2012/8/27 0:00,125,21,24,1010,cv,0.89,0,0
2012/8/27 8:00,80,22,23,1010,SE,3.58,0,0
2012/8/27 16:00,62,21,29,1008,SE,13.42,0,0
2012/8/28 0:00,68,22,24,1008,SE,32.65,0,0
2012/8/28 8:00,92,22,24,1006,cv,0.89,0,0
2012/8/28 16:00,55,19,33,999,SE,1.79,0,0
2012/8/29 0:00,154,23,26,1000,SE,6.26,0,0
2012/8/29 8:00,61,21,27,1005,NW,14.31,0,0
2012/8/29 16:00,38,21,33,1005,SE,6.26,0,0
2012/8/30 0:00,245,22,25,1009,SE,5.81,0,0
2012/8/30 8:00,277,23,26,1010,cv,0.89,0,0
2012/8/30 16:00,195,21,33,1008,SE,14.75,0,0
2012/8/31 0:00,194,24,25,1010,SE,3.56,0,0
2012/8/31 8:00,245,24,26,1011,SE,1.79,0,0
2012/8/31 16:00,135,22,32,1009,SE,24.13,0,0
2012/9/1 0:00,196,23,26,1011,cv,0.89,0,0
2012/9/1 8:00,206,24,25,1011,SE,1.79,0,0
2012/9/1 16:00,124,22,23,1009,NW,3.13,0,1
2012/9/2 0:00,109,22,23,1007,NW,4.92,0,3
2012/9/2 8:00,5,17,19,1008,NW,36.66,0,11
2012/9/2 16:00,13,18,23,1008,NW,3.13,0,0
2012/9/3 0:00,7,11,20,1012,NW,24.13,0,0
2012/9/3 8:00,13,11,21,1013,NE,31.28,0,0
2012/9/3 16:00,11,7,25,1012,NW,42.01,0,0
2012/9/4 0:00,10,7,19,1015,NW,78.21,0,0
2012/9/4 8:00,12,10,20,1016,NW,15.2,0,0
2012/9/4 16:00,9,6,26,1014,SE,4.02,0,0
2012/9/5 0:00,34,12,16,1017,NE,0.89,0,0
2012/9/5 8:00,19,13,19,1018,NW,1.79,0,0
2012/9/5 16:00,52,10,27,1016,SE,17.43,0,0
2012/9/6 0:00,39,13,15,1018,SE,44.7,0,0
2012/9/6 8:00,70,15,17,1018,NE,1.79,0,0
2012/9/6 16:00,86,15,22,1015,SE,11.18,0,0
2012/9/7 0:00,143,18,18,1016,NW,3.13,0,6
2012/9/7 8:00,134,18,20,1015,NE,1.79,0,0
2012/9/7 16:00,29,18,23,1014,SE,16.09,0,0
2012/9/8 0:00,44,18,19,1016,cv,0.89,0,0
2012/9/8 8:00,34,17,21,1016,NW,3.13,0,0
2012/9/8 16:00,60,17,26,1013,SE,6.26,0,0
2012/9/9 0:00,84,18,19,1014,cv,1.78,0,0
2012/9/9 8:00,130,19,20,1016,NE,0.89,0,0
2012/9/9 16:00,93,18,27,1013,SE,6.26,0,0
2012/9/10 0:00,126,19,19,1015,SE,0.89,0,0
2012/9/10 8:00,173,19,21,1015,SE,3.58,0,0
2012/9/10 16:00,106,18,27,1013,SE,6.26,0,0
2012/9/11 0:00,108,18,22,1012,SE,6.71,0,1
2012/9/11 8:00,160,20,21,1012,cv,0.89,0,0
2012/9/11 16:00,83,18,24,1008,SE,25.93,0,0
2012/9/12 0:00,62,18,18,1009,SE,0.89,0,0
2012/9/12 8:00,10,11,22,1010,NW,33.08,0,0
2012/9/12 16:00,10,4,23,1011,NE,15.2,0,0
2012/9/13 0:00,10,7,15,1014,NW,9.84,0,0
2012/9/13 8:00,27,9,18,1014,NW,2.68,0,0
2012/9/13 16:00,15,8,23,1011,NE,8.04,0,0
2012/9/14 0:00,11,10,13,1015,NW,4.02,0,0
2012/9/14 8:00,20,10,17,1018,NW,27.27,0,0
2012/9/14 16:00,10,3,26,1016,NE,1.79,0,0
2012/9/15 0:00,23,12,13,1019,NE,1.78,0,0
2012/9/15 8:00,24,11,17,1021,NW,21.45,0,0
2012/9/15 16:00,26,6,26,1019,SE,3.13,0,0
2012/9/16 0:00,68,13,14,1022,NE,1.79,0,0
2012/9/16 8:00,43,13,17,1023,NW,9.84,0,0
2012/9/16 16:00,43,7,26,1018,SE,6.26,0,0
2012/9/17 0:00,64,12,13,1018,NE,0.89,0,0
2012/9/17 8:00,46,12,19,1017,NW,23.24,0,0
2012/9/17 16:00,16,7,27,1010,SE,1.79,0,0
2012/9/18 0:00,59,13,15,1010,SE,0.89,0,0
2012/9/18 8:00,27,10,19,1011,NW,23.69,0,0
2012/9/18 16:00,11,2,29,1008,NW,6.26,0,0
2012/9/19 0:00,29,11,16,1008,NE,0.89,0,0
2012/9/19 8:00,27,12,17,1010,NW,3.13,0,0
2012/9/19 16:00,58,4,29,1008,SE,9.39,0,0
2012/9/20 0:00,159,14,16,1012,cv,0.89,0,0
2012/9/20 8:00,65,14,18,1014,NW,3.13,0,0
2012/9/20 16:00,94,12,27,1012,SE,4.92,0,0
2012/9/21 0:00,166,15,19,1013,SE,1.79,0,0
2012/9/21 8:00,205,16,19,1013,cv,0.89,0,0
2012/9/21 16:00,101,12,26,1010,SE,17.88,0,0
2012/9/22 0:00,50,15,19,1011,cv,0.89,0,0
2012/9/22 8:00,157,17,20,1012,cv,0.89,0,0
2012/9/22 16:00,78,14,25,1010,SE,4.92,0,0
2012/9/23 0:00,128,15,18,1012,cv,0.89,0,0
2012/9/23 8:00,90,15,18,1014,NW,8.04,0,0
2012/9/23 16:00,83,14,27,1012,SE,6.26,0,0
2012/9/24 0:00,58,14,18,1016,NE,5.81,0,0
2012/9/24 8:00,40,15,19,1019,NW,2.68,0,0
2012/9/24 16:00,93,16,24,1017,SE,4.92,0,0
2012/9/25 0:00,46,15,21,1018,SE,11.63,0,0
2012/9/25 8:00,82,16,19,1017,SE,22.35,0,0
2012/9/25 16:00,96,18,19,1017,NW,15.19,0,1
2012/9/26 0:00,18,14,16,1019,NE,1.79,0,0
2012/9/26 8:00,27,14,18,1021,NW,14.76,0,0
2012/9/26 16:00,9,3,27,1018,cv,0.89,0,0
2012/9/27 0:00,49,13,15,1018,NE,0.89,0,0
2012/9/27 8:00,62,15,15,1017,SE,4.92,0,0
2012/9/27 16:00,8,11,16,1016,NE,4.92,0,0
2012/9/28 0:00,3,3,16,1018,NW,44.25,0,0
2012/9/28 8:00,4,-4,18,1019,NW,118.47,0,0
2012/9/28 16:00,1,-9,23,1016,NW,204.75,0,0
2012/9/29 0:00,2,-3,17,1019,NW,252.14,0,0
2012/9/29 8:00,9,3,17,1020,NW,3.13,0,0
2012/9/29 16:00,5,-2,25,1015,NW,1.79,0,0
2012/9/30 0:00,21,6,12,1018,NW,3.13,0,0
2012/9/30 8:00,12,8,15,1020,NW,14.31,0,0
2012/9/30 16:00,3,0,26,1015,SE,1.79,0,0
2012/10/1 0:00,41,8,11,1016,cv,0.89,0,0
2012/10/1 8:00,25,10,14,1017,NW,10.29,0,0
2012/10/1 16:00,42,5,25,1014,SE,4.92,0,0
2012/10/2 0:00,97,11,12,1016,cv,0.89,0,0
2012/10/2 8:00,72,12,14,1016,cv,0.89,0,0
2012/10/2 16:00,162,12,24,1011,SE,9.84,0,0
2012/10/3 0:00,269,14,15,1012,cv,2.23,0,0
2012/10/3 8:00,13,13,17,1013,NW,12.07,0,0
2012/10/3 16:00,9,2,24,1011,NE,4.92,0,0
2012/10/4 0:00,9,6,14,1015,cv,1.78,0,0
2012/10/4 8:00,13,9,17,1016,cv,0.89,0,0
2012/10/4 16:00,13,1,24,1013,SE,4.02,0,0
2012/10/5 0:00,27,8,14,1015,cv,0.89,0,0
2012/10/5 8:00,24,10,15,1018,NW,10.28,0,0
2012/10/5 16:00,23,5,24,1017,SE,6.26,0,0
2012/10/6 0:00,189,12,14,1022,NE,1.79,0,0
2012/10/6 8:00,68,10,14,1026,NW,13.41,0,0
2012/10/6 16:00,20,-1,24,1023,SE,4.92,0,0
2012/10/7 0:00,145,11,12,1024,NE,0.89,0,0
2012/10/7 8:00,67,10,13,1025,NW,10.73,0,0
2012/10/7 16:00,108,12,23,1021,SE,1.79,0,0
2012/10/8 0:00,189,13,14,1021,SE,1.79,0,0
2012/10/8 8:00,206,13,13,1021,cv,1.34,0,0
2012/10/8 16:00,227,12,23,1016,SE,9.39,0,0
2012/10/9 0:00,446,14,17,1015,SE,2.68,0,0
2012/10/9 8:00,160,14,17,1013,NW,3.13,0,0
2012/10/9 16:00,11,-3,21,1014,NW,76.44,0,0
2012/10/10 0:00,2,-1,15,1020,NW,144.38,0,0
2012/10/10 8:00,26,2,14,1023,NW,1.79,0,0
2012/10/10 16:00,5,-6,21,1018,NW,29.97,0,0
2012/10/11 0:00,80,6,9,1019,cv,0.89,0,0
2012/10/11 8:00,82,6,9,1019,cv,0.89,0,0
2012/10/11 16:00,113,2,21,1013,SE,32.18,0,0
2012/10/12 0:00,177,6,11,1014,cv,0.89,0,0
2012/10/12 8:00,125,6,11,1014,cv,8.01,0,0
2012/10/12 16:00,149,6,11,1014,cv,15.13,0,0
2012/10/13 0:00,256,6,11,1014,cv,22.25,0,0
2012/10/13 8:00,10,6,11,1014,cv,29.37,0,0
2012/10/13 16:00,11,6,11,1014,cv,36.49,0,0
2012/10/14 0:00,58,7,14,1020,cv,43.61,0,0
2012/10/14 8:00,9,7,14,1020,cv,50.73,0,0
2012/10/14 16:00,29,7,14,1020,cv,57.85,0,0
2012/10/15 0:00,123,7,14,1020,cv,64.97,0,0
2012/10/15 8:00,79,7,14,1020,cv,72.09,0,0
2012/10/15 16:00,103,7,14,1020,cv,79.21,0,0
2012/10/16 0:00,96,9,12,1019,NE,1.79,0,1
2012/10/16 8:00,77,12,13,1017,NW,7.6,0,6
2012/10/16 16:00,7,-3,17,1017,NW,66.62,0,0
2012/10/17 0:00,7,-6,7,1024,NW,117.59,0,0
2012/10/17 8:00,17,-3,9,1022,NW,1.79,0,0
2012/10/17 16:00,13,-11,18,1017,NW,54.09,0,0
2012/10/18 0:00,82,2,4,1017,cv,2.67,0,0
2012/10/18 8:00,34,4,7,1019,NW,8.49,0,0
2012/10/18 16:00,18,-2,18,1016,SE,1.79,0,0
2012/10/19 0:00,142,4,7,1018,NE,0.89,0,0
2012/10/19 8:00,65,5,6,1019,NW,1.79,0,0
2012/10/19 16:00,206,4,18,1014,SE,4.92,0,0
2012/10/20 0:00,324,7,7,1016,SE,0.89,0,0
2012/10/20 8:00,219,7,8,1017,NW,16.1,0,0
2012/10/20 16:00,0,4,21,1017,SE,8.5,0,0
2012/10/21 0:00,40,8,11,1023,NE,0.89,0,0
2012/10/21 8:00,56,4,12,1023,cv,1.34,0,0
2012/10/21 16:00,44,9,9,1018,NW,22.35,0,6
2012/10/22 0:00,41,8,9,1018,NW,6.71,0,0
2012/10/22 8:00,11,2,12,1017,cv,0.89,0,0
2012/10/22 16:00,10,-3,17,1019,NW,76.46,0,0
2012/10/23 0:00,36,4,5,1019,cv,0.89,0,0
2012/10/23 8:00,34,5,6,1018,NW,0.89,0,0
2012/10/23 16:00,69,1,19,1012,SE,10.28,0,0
2012/10/24 0:00,177,6,7,1013,cv,0.89,0,0
2012/10/24 8:00,119,7,8,1012,NW,1.79,0,0
2012/10/24 16:00,31,-5,24,1009,NW,28.16,0,0
2012/10/25 0:00,174,6,7,1014,NW,1.79,0,0
2012/10/25 8:00,55,6,9,1017,NW,3.13,0,0
2012/10/25 16:00,220,9,20,1016,SE,9.84,0,0
2012/10/26 0:00,293,11,12,1019,cv,1.78,0,0
2012/10/26 8:00,253,12,12,1020,SE,3.13,0,0
2012/10/26 16:00,296,11,15,1017,cv,2.67,0,0
2012/10/27 0:00,304,12,14,1016,NW,15.65,0,0
2012/10/27 8:00,239,10,10,1016,SE,0.89,0,0
2012/10/27 16:00,27,-2,22,1016,NW,40.68,0,0
2012/10/28 0:00,11,-5,9,1024,NW,80.01,0,0
2012/10/28 8:00,20,-2,10,1029,NE,16.98,0,0
2012/10/28 16:00,26,-3,14,1024,SE,15.19,0,0
2012/10/29 0:00,40,5,9,1025,NE,0.89,0,0
2012/10/29 8:00,58,4,10,1024,cv,0.89,0,0
2012/10/29 16:00,9,4,15,1022,NE,1.79,0,0
2012/10/30 0:00,8,-14,9,1029,NW,38.89,0,0
2012/10/30 8:00,29,-3,5,1027,SE,1.79,0,0
2012/10/30 16:00,40,-8,12,1018,SE,40.23,0,0
2012/10/31 0:00,7,-12,9,1022,NW,33.52,0,0
2012/10/31 8:00,34,1,4,1023,NW,0.89,0,0
2012/10/31 16:00,13,-15,16,1017,NW,27.71,0,0
2012/11/1 0:00,124,0,2,1019,NE,2.68,0,0
2012/11/1 8:00,45,0,3,1021,NW,1.79,0,0
2012/11/1 16:00,77,-6,15,1017,SE,10.28,0,0
2012/11/2 0:00,157,2,5,1020,cv,0.89,0,0
2012/11/2 8:00,148,3,5,1021,NW,9.39,0,0
2012/11/2 16:00,164,5,14,1018,cv,0.89,0,0
2012/11/3 0:00,228,7,8,1021,cv,1.34,0,0
2012/11/3 8:00,194,8,9,1020,cv,0.89,0,0
2012/11/3 16:00,156,9,10,1015,NW,8.05,0,5
2012/11/4 0:00,14,2,3,1011,NW,80.92,0,14
2012/11/4 8:00,14,2,3,1010,NW,139.93,0,23
2012/11/4 16:00,23,0,4,1013,NW,200.74,0,31
2012/11/5 0:00,25,-2,4,1017,NW,271.37,0,0
2012/11/5 8:00,19,-4,6,1019,NW,337.97,0,0
2012/11/5 16:00,36,-3,10,1020,NW,404.57,0,0
2012/11/6 0:00,39,-3,5,1023,NW,450.6,0,0
2012/11/6 8:00,68,1,3,1023,NW,1.79,0,0
2012/11/6 16:00,106,-2,12,1020,SE,8.05,0,0
2012/11/7 0:00,99,1,2,1020,cv,0.89,0,0
2012/11/7 8:00,95,1,2,1020,NW,8.5,0,0
2012/11/7 16:00,40,-8,13,1018,NW,58.57,0,0
2012/11/8 0:00,40,-6,7,1020,NW,91.21,0,0
2012/11/8 8:00,28,-1,4,1021,NW,110.44,0,0
2012/11/8 16:00,60,-4,12,1019,SE,4.92,0,0
2012/11/9 0:00,119,1,2,1022,SE,2.68,0,0
2012/11/9 8:00,118,4,6,1025,cv,1.34,0,0
2012/11/9 16:00,44,1,12,1024,cv,0.89,0,0
2012/11/10 0:00,132,3,6,1025,SE,5.35,0,0
2012/11/10 8:00,121,5,7,1024,NW,3.13,0,1
2012/11/10 16:00,48,3,5,1020,NW,22.8,0,9
2012/11/11 0:00,10,-6,4,1016,NW,63.92,0,0
2012/11/11 8:00,9,-12,3,1013,NW,132.3,0,0
2012/11/11 16:00,13,-12,6,1015,NW,223.49,0,0
2012/11/12 0:00,10,-12,3,1019,NW,276.68,0,0
2012/11/12 8:00,25,-14,4,1020,NW,311.99,0,0
2012/11/12 16:00,22,-14,9,1015,NW,45.14,0,0
2012/11/13 0:00,9,-10,4,1017,NW,88.49,0,0
2012/11/13 8:00,10,-16,1,1019,NW,156.88,0,0
2012/11/13 16:00,8,-20,6,1017,NW,227.07,0,0
2012/11/14 0:00,17,-18,2,1022,NW,293.24,0,0
2012/11/14 8:00,23,-12,0,1026,NW,15.19,0,0
2012/11/14 16:00,19,-13,6,1024,NE,4.92,0,0
2012/11/15 0:00,144,-6,-3,1028,cv,1.34,0,0
2012/11/15 8:00,103,-4,-3,1030,NW,1.79,0,0
2012/11/15 16:00,145,-9,7,1025,SE,3.13,0,0
2012/11/16 0:00,129,0,0,1025,SE,1.78,2,0
2012/11/16 8:00,171,0,1,1023,cv,3.12,0,0
2012/11/16 16:00,13,-5,9,1020,NW,14.3,0,0
2012/11/17 0:00,17,-5,0,1020,NW,54.08,0,0
2012/11/17 8:00,75,-3,-1,1020,NE,1.79,0,0
2012/11/17 16:00,72,-7,9,1019,SE,3.58,0,0
2012/11/18 0:00,179,-3,2,1021,SE,5.37,0,0
2012/11/18 8:00,164,-2,0,1019,NW,2.68,0,0
2012/11/18 16:00,153,-2,8,1016,NW,1.79,0,0
2012/11/19 0:00,11,-13,4,1023,NW,67.5,0,0
2012/11/19 8:00,22,-9,1,1026,cv,0.89,0,0
2012/11/19 16:00,36,-11,9,1023,SE,7.15,0,0
2012/11/20 0:00,0,-5,-3,1023,NE,0.89,0,0
2012/11/20 8:00,0,-3,2,1025,NW,12.96,0,0
2012/11/20 16:00,57,-7,9,1021,SE,1.79,0,0
2012/11/21 0:00,149,-3,-1,1022,SE,1.78,0,0
2012/11/21 8:00,305,-3,-2,1020,cv,0.89,0,0
2012/11/21 16:00,237,-3,9,1017,cv,5.34,0,0
2012/11/22 0:00,404,0,0,1020,cv,1.34,0,0
2012/11/22 8:00,226,0,4,1022,NW,6.71,0,0
2012/11/22 16:00,19,-11,7,1025,NW,29.96,0,0
2012/11/23 0:00,15,-20,0,1031,NW,82.7,0,0
2012/11/23 8:00,25,-13,-2,1029,NE,3.13,0,0
2012/11/23 16:00,44,-14,6,1023,NW,26.83,0,0
2012/11/24 0:00,106,-7,-3,1024,cv,0.45,0,0
2012/11/24 8:00,121,-7,-5,1023,NW,1.79,0,0
2012/11/24 16:00,118,-10,6,1018,SE,6.26,0,0
2012/11/25 0:00,326,-5,-2,1020,cv,0.89,0,0
2012/11/25 8:00,284,-3,0,1020,NW,1.79,0,0
2012/11/25 16:00,8,-16,7,1020,NW,46.94,0,0
2012/11/26 0:00,23,-14,0,1023,NW,12.96,0,0
2012/11/26 8:00,14,-16,2,1023,NW,46.93,0,0
2012/11/26 16:00,0,-18,7,1020,NW,97.44,0,0
2012/11/27 0:00,98,-10,-2,1018,SE,16.53,0,0
2012/11/27 8:00,179,-7,-4,1014,cv,0.89,0,0
2012/11/27 16:00,241,-6,3,1008,cv,0.89,0,0
2012/11/28 0:00,63,-22,5,1014,NW,40.68,0,0
2012/11/28 8:00,10,-17,1,1022,NW,109.08,0,0
2012/11/28 16:00,12,-16,4,1022,NW,161.38,0,0
2012/11/29 0:00,44,-11,-4,1024,NE,1.79,0,0
2012/11/29 8:00,76,-7,-3,1026,NW,1.79,0,0
2012/11/29 16:00,46,-18,3,1022,SE,1.79,0,0
2012/11/30 0:00,167,-11,-5,1025,NW,6.71,0,0
2012/11/30 8:00,23,-20,-4,1032,NE,40.68,0,0
2012/11/30 16:00,16,-24,-1,1032,NE,81.8,0,0
2012/12/1 0:00,41,-16,-8,1035,NW,1.79,0,0
2012/12/1 8:00,78,-15,-6,1033,cv,0.89,0,0
2012/12/1 16:00,76,-10,-2,1027,SE,23.7,0,0
2012/12/2 0:00,128,-7,-6,1024,cv,0.89,0,0
2012/12/2 8:00,192,-6,-6,1022,cv,0.89,0,0
2012/12/2 16:00,332,-5,-2,1018,SE,3.58,0,0
2012/12/3 0:00,322,-7,-6,1017,cv,2.67,0,0
2012/12/3 8:00,12,-16,-1,1021,NW,33.53,0,0
2012/12/3 16:00,15,-18,2,1022,NW,89.41,0,0
2012/12/4 0:00,36,-13,-5,1024,NW,1.79,0,0
2012/12/4 8:00,82,-12,-8,1023,cv,0.89,0,0
2012/12/4 16:00,138,-15,1,1019,NE,1.79,0,0
2012/12/5 0:00,34,-13,-5,1022,cv,1.78,0,0
2012/12/5 8:00,9,-19,-3,1024,NW,35.76,0,0
2012/12/5 16:00,7,-24,-3,1025,NW,114.89,0,0
2012/12/6 0:00,26,-17,-10,1024,SE,1.78,0,0
2012/12/6 8:00,41,-14,-8,1023,NW,1.79,0,0
2012/12/6 16:00,54,-18,-3,1019,SE,4.92,0,0
2012/12/7 0:00,149,-14,-8,1023,NW,7.6,0,0
2012/12/7 8:00,36,-17,-8,1025,NW,34.42,0,0
2012/12/7 16:00,97,-19,0,1022,NW,16.09,0,0
2012/12/8 0:00,16,-25,-7,1028,NW,72.4,0,0
2012/12/8 8:00,14,-27,-9,1029,NW,139.01,0,0
2012/12/8 16:00,14,-26,-5,1027,NW,202.48,0,0
2012/12/9 0:00,15,-25,-7,1028,NW,265.51,0,0
2012/12/9 8:00,15,-22,-9,1029,NW,309.31,0,0
2012/12/9 16:00,16,-26,0,1025,NW,362.94,0,0
2012/12/10 0:00,37,-16,-5,1027,NW,3.13,0,0
2012/12/10 8:00,59,-13,-7,1030,NW,3.13,0,0
2012/12/10 16:00,92,-13,-1,1029,SE,10.29,0,0
2012/12/11 0:00,179,-11,-7,1032,cv,2.68,0,0
2012/12/11 8:00,148,-11,-9,1034,NW,1.79,0,0
2012/12/11 16:00,122,-11,-1,1031,SE,3.58,0,0
2012/12/12 0:00,154,-8,-5,1032,SE,14.3,0,0
2012/12/12 8:00,149,-5,-4,1030,SE,28.62,0,0
2012/12/12 16:00,284,-3,-2,1027,cv,0.89,7,0
2012/12/13 0:00,268,-4,-3,1028,NE,1.78,0,0
2012/12/13 8:00,235,-4,-2,1028,NW,8.95,0,0
2012/12/13 16:00,208,-5,-1,1026,NW,27.29,0,0
2012/12/14 0:00,205,-3,-2,1026,NW,52.33,4,0
2012/12/14 8:00,200,-1,-1,1024,NW,85.41,12,0
2012/12/14 16:00,204,0,1,1023,NW,111.78,0,0
2012/12/15 0:00,192,0,1,1023,SE,1.78,0,0
2012/12/15 8:00,186,-1,-1,1023,cv,0.89,0,0
2012/12/15 16:00,271,0,3,1023,cv,0.89,0,0
2012/12/16 0:00,335,0,1,1028,cv,0.89,0,0
2012/12/16 8:00,91,-3,-2,1028,SE,29.04,1,0
2012/12/16 16:00,85,-4,-2,1026,SE,3.58,0,0
2012/12/17 0:00,147,-3,-2,1030,NW,9.39,0,0
2012/12/17 8:00,17,-15,-3,1035,NW,41.13,0,0
2012/12/17 16:00,22,-14,-2,1035,NW,99.69,0,0
2012/12/18 0:00,17,-18,-6,1038,NW,160.04,0,0
2012/12/18 8:00,17,-19,-9,1039,cv,0.45,0,0
2012/12/18 16:00,35,-16,-4,1033,cv,0.89,0,0
2012/12/19 0:00,93,-11,-8,1031,NE,0.89,0,0
2012/12/19 8:00,172,-11,-6,1029,NE,4.46,0,0
2012/12/19 16:00,215,-9,-4,1028,cv,4.9,0,0
2012/12/20 0:00,244,-9,-6,1031,NW,12.97,0,0
2012/12/20 8:00,244,-10,-8,1031,cv,1.34,0,0
2012/12/20 16:00,273,-7,-3,1028,SE,3.58,0,0
2012/12/21 0:00,315,-5,-4,1028,NE,0.89,6,0
2012/12/21 8:00,0,-7,-6,1028,NW,17.43,0,0
2012/12/21 16:00,19,-13,0,1029,NW,25.93,0,0
2012/12/22 0:00,16,-18,-7,1035,NE,4.02,0,0
2012/12/22 8:00,31,-18,-8,1036,NE,25.92,0,0
2012/12/22 16:00,34,-16,-3,1034,NW,26.82,0,0
2012/12/23 0:00,12,-25,-10,1040,NW,108.63,0,0
2012/12/23 8:00,0,-26,-12,1040,NW,167.63,0,0
2012/12/23 16:00,0,-24,-7,1033,NW,222.6,0,0
2012/12/24 0:00,0,-19,-14,1031,SE,0.89,0,0
2012/12/24 8:00,0,-20,-17,1028,NW,7.6,0,0
2012/12/24 16:00,0,-16,-7,1024,SE,5.37,0,0
2012/12/25 0:00,0,-25,-10,1034,NW,48.72,0,0
2012/12/25 8:00,0,-25,-11,1039,NE,12.07,0,0
2012/12/25 16:00,0,-25,-6,1038,NE,1.79,0,0
2012/12/26 0:00,0,-17,-13,1039,SE,0.89,0,0
2012/12/26 8:00,0,-19,-16,1038,NE,0.89,0,0
2012/12/26 16:00,0,-16,-6,1033,NE,0.89,0,0
2012/12/27 0:00,0,-17,-14,1032,NW,4.92,0,0
2012/12/27 8:00,0,-16,-13,1029,NW,23.26,0,0
2012/12/27 16:00,0,-13,-5,1026,SE,0.89,0,0
2012/12/28 0:00,0,-13,-11,1027,NW,4.91,0,0
2012/12/28 8:00,0,-13,-8,1026,NW,26.81,0,0
2012/12/28 16:00,217,-11,-4,1025,NW,46.49,0,0
2012/12/29 0:00,284,-6,-5,1028,NW,4.02,0,0
2012/12/29 8:00,16,-20,-6,1031,NW,49.61,0,0
2012/12/29 16:00,11,-20,-3,1030,NW,123.82,0,0
2012/12/30 0:00,9,-21,-6,1030,NW,16.09,0,0
2012/12/30 8:00,18,-17,-7,1026,NW,48.27,0,0
2012/12/30 16:00,16,-20,-1,1024,NW,106.4,0,0
2012/12/31 0:00,97,-16,-11,1023,cv,1.78,0,0
2012/12/31 8:00,56,-18,-14,1020,NW,13.42,0,0
2012/12/31 16:00,54,-17,0,1016,SE,4.92,0,0
2013/1/1 0:00,35,-10,-5,1018,NW,5.81,0,0
2013/1/1 8:00,7,-18,-6,1021,NW,8.94,0,0
2013/1/1 16:00,13,-25,-6,1026,NW,71.09,0,0
2013/1/2 0:00,19,-28,-12,1033,NW,134.58,0,0
2013/1/2 8:00,13,-27,-12,1037,NW,194.03,0,0
2013/1/2 16:00,19,-27,-8,1041,NW,277.64,0,0
2013/1/3 0:00,23,-27,-11,1046,NW,350.04,0,0
2013/1/3 8:00,17,-25,-12,1046,NW,1.79,0,0
2013/1/3 16:00,24,-23,-5,1041,NW,4.92,0,0
2013/1/4 0:00,37,-21,-14,1039,NW,12.08,0,0
2013/1/4 8:00,41,-22,-16,1035,NW,31.76,0,0
2013/1/4 16:00,79,-23,-4,1029,SE,3.13,0,0
2013/1/5 0:00,198,-18,-14,1029,NW,2.68,0,0
2013/1/5 8:00,29,-22,-8,1029,NW,8.04,0,0
2013/1/5 16:00,36,-22,-1,1028,NE,18.78,0,0
2013/1/6 0:00,72,-19,-10,1030,NE,1.79,0,0
2013/1/6 8:00,41,-18,-11,1029,NW,25.47,0,0
2013/1/6 16:00,142,-18,-1,1025,SE,6.26,0,0
2013/1/7 0:00,285,-14,-10,1026,cv,0.45,0,0
2013/1/7 8:00,84,-16,-11,1025,NW,19.68,0,0
2013/1/7 16:00,33,-19,0,1024,cv,1.34,0,0
2013/1/8 0:00,333,-14,-10,1028,NW,1.79,0,0
2013/1/8 8:00,159,-13,-10,1032,NE,1.79,0,0
2013/1/8 16:00,11,-21,-2,1031,NW,52.3,0,0
2013/1/9 0:00,23,-23,-10,1034,NE,1.79,0,0
2013/1/9 8:00,44,-20,-15,1032,NE,1.79,0,0
2013/1/9 16:00,57,-23,0,1028,NW,13.86,0,0
2013/1/10 0:00,305,-15,-12,1029,NE,0.89,0,0
2013/1/10 8:00,81,-16,-12,1029,NW,16.99,0,0
2013/1/10 16:00,279,-10,-3,1026,SE,7.16,0,0
2013/1/11 0:00,434,-7,-6,1026,cv,0.89,0,0
2013/1/11 8:00,434,-7,-5,1025,NW,9.84,0,0
2013/1/11 16:00,340,-9,1,1022,cv,3.56,0,0
2013/1/12 0:00,374,-10,-9,1025,cv,0.89,0,0
2013/1/12 8:00,278,-15,-13,1024,NW,1.79,0,0
2013/1/12 16:00,845,-7,-2,1021,SE,8.95,0,0
2013/1/13 0:00,744,-9,-8,1024,NW,2.68,0,0
2013/1/13 8:00,341,-6,-3,1026,NW,9.39,0,0
2013/1/13 16:00,326,-6,0,1023,SE,6.71,0,0
2013/1/14 0:00,309,-10,-8,1024,cv,1.35,0,0
2013/1/14 8:00,358,-10,-8,1027,cv,1.78,0,0
2013/1/14 16:00,267,-6,-1,1029,SE,12.96,0,0
2013/1/15 0:00,151,-7,-4,1029,SE,37.99,0,0
2013/1/15 8:00,71,-8,-6,1027,SE,58.56,3,0
2013/1/15 16:00,132,-6,-2,1024,cv,2.67,0,0
2013/1/16 0:00,177,-10,-9,1028,NW,3.58,0,0
2013/1/16 8:00,82,-11,-10,1034,NE,1.79,0,0
2013/1/16 16:00,45,-17,0,1034,NE,8.05,0,0
2013/1/17 0:00,30,-16,-8,1038,NE,1.79,0,0
2013/1/17 8:00,33,-16,-6,1040,NE,8.94,0,0
2013/1/17 16:00,71,-18,3,1035,SE,4.92,0,0
2013/1/18 0:00,285,-13,-9,1033,NE,0.89,0,0
2013/1/18 8:00,86,-14,-11,1029,NW,4.47,0,0
2013/1/18 16:00,450,-13,2,1023,cv,0.89,0,0
2013/1/19 0:00,412,-11,-6,1026,NW,4.91,0,0
2013/1/19 8:00,237,-11,-9,1029,NW,1.79,0,0
2013/1/19 16:00,71,-11,2,1030,SE,8.5,0,0
2013/1/20 0:00,88,-12,-1,1032,SE,12.52,0,0
2013/1/20 8:00,87,-5,-4,1032,cv,0.89,4,0
2013/1/20 16:00,110,-4,-1,1029,cv,2.67,0,0
2013/1/21 0:00,161,-4,-3,1030,NE,1.79,0,0
2013/1/21 8:00,179,-7,-6,1029,NW,13.86,0,0
2013/1/21 16:00,72,-7,3,1028,SE,0.89,0,0
2013/1/22 0:00,104,-6,-4,1031,cv,0.89,0,0
2013/1/22 8:00,52,-15,-14,1032,cv,2.67,0,0
2013/1/22 16:00,382,-5,-4,1026,SE,9.39,0,0
2013/1/23 0:00,453,-6,-6,1024,SE,1.79,8,0
2013/1/23 8:00,394,-6,-5,1020,cv,0.89,0,0
2013/1/23 16:00,301,-5,-3,1016,SE,8.95,0,0
2013/1/24 0:00,255,-13,0,1022,NW,13.86,0,0
2013/1/24 8:00,14,-14,-1,1023,NW,4.92,0,0
2013/1/24 16:00,16,-17,3,1022,NW,71.51,0,0
2013/1/25 0:00,27,-18,-9,1025,NW,3.13,0,0
2013/1/25 8:00,48,-18,-9,1025,NW,6.26,0,0
2013/1/25 16:00,78,-14,-2,1022,cv,1.78,0,0
2013/1/26 0:00,135,-13,-9,1025,NE,0.89,0,0
2013/1/26 8:00,126,-12,-10,1028,NW,9.39,0,0
2013/1/26 16:00,162,-10,2,1026,SE,3.13,0,0
2013/1/27 0:00,229,-8,-5,1030,SE,1.79,0,0
2013/1/27 8:00,310,-9,-8,1030,SE,3.58,0,0
2013/1/27 16:00,320,-5,-2,1026,SE,3.58,0,0
2013/1/28 0:00,340,-5,-3,1024,SE,1.78,0,0
2013/1/28 8:00,369,-5,-3,1021,NE,1.79,0,0
2013/1/28 16:00,496,-5,3,1019,SE,3.58,0,0
2013/1/29 0:00,508,-6,-6,1024,SE,1.78,0,0
2013/1/29 8:00,438,-6,-5,1026,SE,0.89,0,0
2013/1/29 16:00,441,-4,-3,1025,SE,8.5,7,0
2013/1/30 0:00,316,-5,-4,1027,SE,25.5,0,0
2013/1/30 8:00,275,-5,-4,1027,SE,3.58,0,0
2013/1/30 16:00,281,-4,-2,1024,cv,0.89,0,0
2013/1/31 0:00,311,-4,-2,1026,NW,0.89,0,0
2013/1/31 8:00,183,-3,-2,1026,cv,0.89,0,1
2013/1/31 16:00,143,-1,-1,1022,cv,0.89,0,0
2013/2/1 0:00,123,-4,-4,1022,NE,3.13,0,0
2013/2/1 8:00,29,-8,-2,1028,NW,11.17,0,0
2013/2/1 16:00,15,-15,2,1030,NW,14.75,0,0
2013/2/2 0:00,14,-17,-4,1034,NE,30.4,0,0
2013/2/2 8:00,38,-15,-8,1034,NW,18.33,0,0
2013/2/2 16:00,55,-15,4,1029,SE,4.92,0,0
2013/2/3 0:00,114,-9,-4,1027,SE,3.58,0,0
2013/2/3 8:00,126,-3,-3,1022,SE,1.79,3,0
2013/2/3 16:00,228,-2,-2,1017,NE,2.68,11,0
2013/2/4 0:00,215,-7,-7,1020,NW,16.1,0,0
2013/2/4 8:00,12,-15,-7,1031,NW,38.9,0,0
2013/2/4 16:00,22,-15,1,1029,cv,0.89,0,0
2013/2/5 0:00,94,-6,-3,1027,SE,18.77,0,0
2013/2/5 8:00,85,-6,-4,1025,SE,34.43,0,0
2013/2/5 16:00,96,-4,-1,1022,SE,1.79,0,0
2013/2/6 0:00,156,-8,-7,1024,cv,1.78,0,0
2013/2/6 8:00,220,-10,-9,1024,cv,0.89,0,0
2013/2/6 16:00,10,-20,0,1026,NW,44.7,0,0
2013/2/7 0:00,9,-28,-10,1036,NW,122.91,0,0
2013/2/7 8:00,11,-26,-14,1040,NW,4.02,0,0
2013/2/7 16:00,9,-23,-4,1036,NE,8.05,0,0
2013/2/8 0:00,15,-24,-9,1040,NE,25.04,0,0
2013/2/8 8:00,19,-22,-10,1039,NW,13.42,0,0
2013/2/8 16:00,57,-18,-3,1032,SE,6.26,0,0
2013/2/9 0:00,108,-14,-8,1030,SE,5.37,0,0
2013/2/9 8:00,172,-13,-11,1026,NE,1.78,0,0
2013/2/9 16:00,156,-14,3,1023,cv,0.89,0,0
2013/2/10 0:00,71,-18,-3,1028,NE,10.28,0,0
2013/2/10 8:00,17,-18,-4,1031,NE,18.78,0,0
2013/2/10 16:00,16,-24,1,1031,NW,3.13,0,0
2013/2/11 0:00,55,-19,-8,1034,NE,1.79,0,0
2013/2/11 8:00,23,-18,-7,1035,NW,8.5,0,0
2013/2/11 16:00,100,-11,-1,1031,SE,9.39,0,0
2013/2/12 0:00,67,-9,-5,1029,SE,0.89,0,0
2013/2/12 8:00,133,-9,-8,1027,NE,1.79,0,0
2013/2/12 16:00,71,-17,4,1023,SE,14.3,0,0
2013/2/13 0:00,197,-9,-5,1024,SE,1.79,0,0
2013/2/13 8:00,307,-7,-6,1023,NE,0.89,0,0
2013/2/13 16:00,334,-6,5,1019,SE,13.86,0,0
2013/2/14 0:00,392,-6,-4,1023,NW,5.81,0,0
2013/2/14 8:00,13,-14,-1,1026,NE,39.78,0,0
2013/2/14 16:00,18,-23,3,1026,cv,0.89,0,0
2013/2/15 0:00,48,-16,-4,1031,NW,11.17,0,0
2013/2/15 8:00,16,-16,-5,1030,NW,37.54,0,0
2013/2/15 16:00,54,-13,2,1025,SE,19.67,0,0
2013/2/16 0:00,66,-11,-4,1025,SE,43.36,0,0
2013/2/16 8:00,112,-11,-5,1024,cv,0.89,0,0
2013/2/16 16:00,159,-6,2,1020,SE,8.5,0,0
2013/2/17 0:00,271,-3,0,1019,SE,1.79,0,0
2013/2/17 8:00,276,-5,-4,1019,NW,4.91,0,0
2013/2/17 16:00,12,-23,4,1020,NW,37.55,0,0
2013/2/18 0:00,19,-16,0,1027,NE,10.28,0,0
2013/2/18 8:00,13,-13,-3,1028,NE,3.58,0,0
2013/2/18 16:00,38,-15,4,1025,SE,12.07,0,0
2013/2/19 0:00,9,-20,-4,1030,NW,34.86,0,0
2013/2/19 8:00,11,-22,-6,1032,NE,12.07,0,0
2013/2/19 16:00,39,-21,1,1027,SE,18.78,0,0
2013/2/20 0:00,77,-11,-4,1028,SE,41.14,0,0
2013/2/20 8:00,140,-11,-8,1028,NW,0.89,0,0
2013/2/20 16:00,8,-20,6,1025,NE,3.13,0,0
2013/2/21 0:00,80,-17,-5,1030,NW,4.92,0,0
2013/2/21 8:00,162,-5,-3,1031,SE,17,0,0
2013/2/21 16:00,250,-5,3,1025,SE,3.58,0,0
2013/2/22 0:00,339,-6,-5,1027,cv,2.23,0,0
2013/2/22 8:00,8,-14,0,1031,NW,28.61,0,0
2013/2/22 16:00,10,-25,7,1029,NW,22.79,0,0
2013/2/23 0:00,94,-13,-5,1029,NE,0.89,0,0
2013/2/23 8:00,54,-12,-2,1029,NW,9.84,0,0
2013/2/23 16:00,144,-17,10,1025,SE,1.79,0,0
2013/2/24 0:00,426,-10,1,1028,cv,0.89,0,0
2013/2/24 8:00,270,-6,-2,1027,cv,2.68,0,0
2013/2/24 16:00,318,-7,4,1023,cv,1.78,0,0
2013/2/25 0:00,240,-6,0,1028,cv,0.89,0,0
2013/2/25 8:00,153,-5,1,1029,SE,4.92,0,0
2013/2/25 16:00,153,-2,-1,1026,NW,6.26,1,0
2013/2/26 0:00,155,-4,-1,1024,NW,23.7,0,0
2013/2/26 8:00,143,-5,-4,1022,NW,39.8,0,0
2013/2/26 16:00,196,-7,11,1017,SE,9.83,0,0
2013/2/27 0:00,415,-4,-2,1019,NE,0.89,0,0
2013/2/27 8:00,330,-3,-1,1020,NW,9.83,0,0
2013/2/27 16:00,23,-18,15,1014,SE,1.79,0,0
2013/2/28 0:00,367,-5,3,1013,cv,1.78,0,0
2013/2/28 8:00,449,1,2,1009,NE,1.79,0,0
2013/2/28 16:00,20,-20,6,1016,NW,60.35,0,0
2013/3/1 0:00,9,-21,0,1028,NW,148.85,0,0
2013/3/1 8:00,12,-22,-2,1033,NE,4.02,0,0
2013/3/1 16:00,8,-25,6,1032,NW,3.13,0,0
2013/3/2 0:00,10,-18,0,1036,NE,17.89,0,0
2013/3/2 8:00,18,-16,-2,1035,NW,12.97,0,0
2013/3/2 16:00,56,-19,4,1030,SE,7.16,0,0
2013/3/3 0:00,157,-13,-4,1027,NW,0.89,0,0
2013/3/3 8:00,123,-8,-2,1022,NW,10.27,0,0
2013/3/3 16:00,25,-18,17,1016,NW,16.99,0,0
2013/3/4 0:00,69,-14,9,1021,NW,8.94,0,0
2013/3/4 8:00,17,-13,7,1026,NW,4.02,0,0
2013/3/4 16:00,17,-19,15,1022,SE,3.13,0,0
2013/3/5 0:00,80,-12,7,1021,SE,34.42,0,0
2013/3/5 8:00,130,-6,1,1019,cv,0.89,0,0
2013/3/5 16:00,218,-9,14,1013,SE,4.92,0,0
2013/3/6 0:00,302,-6,2,1014,NW,3.13,0,0
2013/3/6 8:00,203,-5,4,1015,NW,26.38,0,0
2013/3/6 16:00,246,-6,14,1011,cv,3.56,0,0
2013/3/7 0:00,242,-3,2,1013,SE,0.89,0,0
2013/3/7 8:00,331,-1,2,1012,SE,0.89,0,0
2013/3/7 16:00,230,-4,19,1003,cv,1.79,0,0
2013/3/8 0:00,450,-1,5,1003,NW,0.89,0,0
2013/3/8 8:00,323,0,7,1006,cv,0.89,0,0
2013/3/8 16:00,145,0,13,1005,SE,38,0,0
2013/3/9 0:00,87,-4,2,1003,cv,0.89,0,0
2013/3/9 8:00,124,-2,4,999,NW,8.05,0,0
2013/3/9 16:00,19,-22,10,1015,NW,86.27,0,0
2013/3/10 0:00,12,-19,2,1027,NE,1.79,0,0
2013/3/10 8:00,27,-11,1,1029,SE,1.79,0,0
2013/3/10 16:00,37,-19,12,1024,SE,39.34,0,0
2013/3/11 0:00,81,-11,3,1025,SE,62.15,0,0
2013/3/11 8:00,105,-7,3,1023,SE,1.79,0,0
2013/3/11 16:00,120,-9,12,1016,SE,29.07,0,0
2013/3/12 0:00,114,-4,8,1014,SE,46.06,0,0
2013/3/12 8:00,127,1,3,1012,cv,1.34,0,5
2013/3/12 16:00,150,4,6,1013,cv,0.89,0,0
2013/3/13 0:00,67,-5,3,1023,NW,3.13,0,0
2013/3/13 8:00,15,-11,2,1030,NE,4.02,0,0
2013/3/13 16:00,15,-18,8,1028,cv,3.57,0,0
2013/3/14 0:00,71,-3,0,1031,SE,18.33,0,0
2013/3/14 8:00,88,-3,0,1031,cv,0.89,0,0
2013/3/14 16:00,111,-7,10,1024,SE,11.18,0,0
2013/3/15 0:00,182,-3,2,1024,cv,0.89,0,0
2013/3/15 8:00,174,-1,1,1022,cv,0.89,0,0
2013/3/15 16:00,294,-1,11,1017,SE,3.58,0,0
2013/3/16 0:00,405,0,3,1021,NW,4.92,0,0
2013/3/16 8:00,325,0,6,1025,NW,11.18,0,0
2013/3/16 16:00,229,-2,14,1021,SE,14.75,0,0
2013/3/17 0:00,204,1,6,1018,SE,0.89,0,0
2013/3/17 8:00,258,1,5,1011,cv,0.89,0,0
2013/3/17 16:00,402,4,16,1002,SE,9.84,0,0
2013/3/18 0:00,498,3,8,1002,NW,4.91,0,0
2013/3/18 8:00,9,-16,7,1008,NW,71.07,0,0
2013/3/18 16:00,14,-21,11,1006,SE,4.92,0,0
2013/3/19 0:00,30,-5,1,1011,SE,53.2,0,0
2013/3/19 8:00,34,-2,2,1013,NW,1.79,0,0
2013/3/19 16:00,63,1,4,1014,NE,11.17,0,0
2013/3/20 0:00,75,-1,-1,1022,SE,8.94,5,0
2013/3/20 8:00,39,-2,-1,1026,SE,8.49,0,0
2013/3/20 16:00,53,-6,6,1021,SE,7.15,0,0
2013/3/21 0:00,118,-3,2,1018,SE,35.31,0,0
2013/3/21 8:00,104,-4,1,1013,SE,3.13,0,0
2013/3/21 16:00,192,-2,8,1006,cv,0.89,0,0
2013/3/22 0:00,209,-1,2,1013,NW,16.09,0,0
2013/3/22 8:00,14,-14,6,1020,cv,0.89,0,0
2013/3/22 16:00,62,-7,10,1016,SE,31.29,0,0
2013/3/23 0:00,54,-3,1,1018,SE,68.83,0,0
2013/3/23 8:00,76,-4,1,1012,SE,94.76,0,0
2013/3/23 16:00,86,-10,13,1010,NW,12.07,0,0
2013/3/24 0:00,9,-16,2,1023,NE,9.84,0,0
2013/3/24 8:00,18,-17,4,1025,NW,6.71,0,0
2013/3/24 16:00,12,-18,9,1018,SE,4.02,0,0
2013/3/25 0:00,71,-7,2,1022,SE,4.02,0,0
2013/3/25 8:00,121,-5,1,1024,cv,3.56,0,0
2013/3/25 16:00,123,-9,11,1019,SE,6.26,0,0
2013/3/26 0:00,98,-8,5,1018,SE,25.49,0,0
2013/3/26 8:00,196,0,4,1016,SE,1.79,0,0
2013/3/26 16:00,219,-3,13,1010,SE,30.4,0,0
2013/3/27 0:00,128,3,8,1009,SE,13.86,0,0
2013/3/27 8:00,183,4,6,1010,NW,4.92,0,0
2013/3/27 16:00,15,-10,19,1008,NW,25.03,0,0
2013/3/28 0:00,16,-18,8,1020,NE,16.98,0,0
2013/3/28 8:00,17,-20,6,1023,cv,0.89,0,0
2013/3/28 16:00,20,-17,13,1019,SE,4.02,0,0
2013/3/29 0:00,110,-3,4,1022,NW,1.79,0,0
2013/3/29 8:00,116,-3,3,1024,SE,3.13,0,0
2013/3/29 16:00,93,-9,10,1020,SE,20.56,0,0
2013/3/30 0:00,60,-6,3,1023,SE,17.43,0,0
2013/3/30 8:00,90,-7,6,1023,NW,8.5,0,0
2013/3/30 16:00,98,-1,9,1020,SE,29.51,0,0
2013/3/31 0:00,107,1,4,1024,SE,53.2,0,0
2013/3/31 8:00,155,2,4,1022,SE,70.2,0,0
2013/3/31 16:00,243,3,7,1015,SE,91.22,0,0
2013/4/1 0:00,244,3,7,1015,cv,0.89,0,0
2013/4/1 8:00,158,4,8,1014,SE,5.37,0,0
2013/4/1 16:00,41,-6,15,1017,NE,5.81,0,0
2013/4/2 0:00,6,-14,6,1023,NE,1.79,0,0
2013/4/2 8:00,0,-2,6,1022,NE,1.79,0,0
2013/4/2 16:00,113,-5,18,1013,SE,23.69,0,0
2013/4/3 0:00,138,-2,8,1011,cv,1.78,0,0
2013/4/3 8:00,153,1,10,1012,NW,3.58,0,0
2013/4/3 16:00,100,-3,16,1012,SE,44.25,0,0
2013/4/4 0:00,38,-3,7,1016,SE,68.4,0,0
2013/4/4 8:00,89,-4,10,1015,NW,1.79,0,0
2013/4/4 16:00,78,4,7,1012,NW,16.54,0,1
2013/4/5 0:00,122,5,6,1016,NW,49.61,0,9
2013/4/5 8:00,106,6,7,1017,NW,6.71,0,0
2013/4/5 16:00,15,-9,13,1017,NW,67.06,0,0
2013/4/6 0:00,8,-9,2,1023,NE,1.79,0,0
2013/4/6 8:00,17,-9,7,1020,NW,6.71,0,0
2013/4/6 16:00,11,-12,14,1013,SE,3.13,0,0
2013/4/7 0:00,36,-8,6,1012,SE,25.04,0,0
2013/4/7 8:00,69,-3,5,1011,SE,54.54,0,0
2013/4/7 16:00,114,-1,14,1003,SE,91.19,0,0
2013/4/8 0:00,54,2,8,1008,NW,1.79,0,0
2013/4/8 8:00,15,-17,8,1012,NW,56.77,0,0
2013/4/8 16:00,12,-17,12,1012,NW,148.42,0,0
2013/4/9 0:00,12,-13,8,1015,NW,221.28,0,0
2013/4/9 8:00,11,-11,8,1019,NW,278.95,0,0
2013/4/9 16:00,11,-10,11,1019,NW,4.02,0,0
2013/4/10 0:00,10,-11,6,1022,NW,56.77,0,0
2013/4/10 8:00,8,-10,8,1021,NW,102.82,0,0
2013/4/10 16:00,10,-13,13,1016,NW,175.23,0,0
2013/4/11 0:00,21,-13,7,1019,NW,210.99,0,0
2013/4/11 8:00,19,-13,10,1020,NW,245.86,0,0
2013/4/11 16:00,8,-17,18,1016,NW,313.81,0,0
2013/4/12 0:00,32,-11,9,1017,SE,8.94,0,0
2013/4/12 8:00,64,-7,10,1016,cv,0.89,0,0
2013/4/12 16:00,29,-8,23,1008,SE,13.86,0,0
2013/4/13 0:00,59,1,11,1006,NE,0.89,0,0
2013/4/13 8:00,101,3,13,1002,NE,1.79,0,0
2013/4/13 16:00,16,-2,25,1003,NW,38,0,0
2013/4/14 0:00,8,-15,12,1012,NE,15.2,0,0
2013/4/14 8:00,9,-18,10,1015,NW,3.13,0,0
2013/4/14 16:00,39,-6,17,1007,SE,22.79,0,0
2013/4/15 0:00,59,-3,11,1006,SE,52.3,0,0
2013/4/15 8:00,71,-2,11,1006,SE,1.79,0,0
2013/4/15 16:00,99,2,18,1000,SE,28.61,0,0
2013/4/16 0:00,50,-1,9,1003,SE,62.14,0,0
2013/4/16 8:00,74,1,13,1006,NE,3.13,0,0
2013/4/16 16:00,28,-5,21,1005,cv,6.26,0,0
2013/4/17 0:00,57,0,9,1013,SE,41.57,0,0
2013/4/17 8:00,45,1,9,1013,SE,9.84,0,0
2013/4/17 16:00,72,-4,16,1007,SE,44.7,0,0
2013/4/18 0:00,39,-7,11,1017,NW,13.86,0,0
2013/4/18 8:00,9,-16,9,1026,NE,16.98,0,0
2013/4/18 16:00,6,-20,14,1020,NE,13.85,0,0
2013/4/19 0:00,41,-10,9,1024,SE,1.79,0,0
2013/4/19 8:00,51,-4,8,1027,SE,25.94,0,0
2013/4/19 16:00,59,-3,8,1022,SE,16.08,0,0
2013/4/20 0:00,67,1,5,1023,SE,51.84,0,0
2013/4/20 8:00,92,2,6,1023,NW,4.47,0,0
2013/4/20 16:00,69,-2,16,1017,SE,9.84,0,0
2013/4/21 0:00,105,1,8,1021,SE,1.79,0,0
2013/4/21 8:00,151,4,8,1021,cv,0.89,0,0
2013/4/21 16:00,140,0,19,1014,SE,31.29,0,0
2013/4/22 0:00,104,3,12,1016,SE,67.05,0,0
2013/4/22 8:00,160,5,10,1016,SE,9.84,0,0
2013/4/22 16:00,228,7,16,1012,SE,25.03,0,0
2013/4/23 0:00,152,7,13,1012,SE,8.94,0,0
2013/4/23 8:00,203,7,10,1012,SE,31.74,0,0
2013/4/23 16:00,260,8,15,1010,NE,4.92,0,0
2013/4/24 0:00,224,7,8,1013,cv,2.67,0,0
2013/4/24 8:00,125,8,13,1011,NW,15.65,0,0
2013/4/24 16:00,9,-8,24,1006,NW,42.46,0,0
2013/4/25 0:00,6,-5,13,1013,NW,31.73,0,0
2013/4/25 8:00,9,-8,16,1014,NW,76.88,0,0
2013/4/25 16:00,6,-12,23,1011,NW,147.05,0,0
2013/4/26 0:00,95,-7,11,1013,cv,0.89,0,0
2013/4/26 8:00,70,-2,14,1013,cv,3.56,0,0
2013/4/26 16:00,66,1,24,1006,SE,16.98,0,0
2013/4/27 0:00,45,-1,16,1009,SE,48.73,0,0
2013/4/27 8:00,62,-1,18,1011,NE,1.79,0,0
2013/4/27 16:00,76,1,24,1009,SE,31.28,0,0
2013/4/28 0:00,103,4,15,1013,SE,58.11,0,0
2013/4/28 8:00,81,5,14,1010,SE,1.79,0,0
2013/4/28 16:00,92,7,18,1007,cv,2.67,0,0
2013/4/29 0:00,11,-10,19,1014,NW,12.96,0,0
2013/4/29 8:00,24,-4,20,1014,NE,1.79,0,0
2013/4/29 16:00,11,-14,29,1008,NW,51.42,0,0
2013/4/30 0:00,81,-10,18,1012,NW,110.42,0,0
2013/4/30 8:00,14,-10,19,1016,NE,9.84,0,0
2013/4/30 16:00,16,-11,28,1011,NE,3.13,0,0
2013/5/1 0:00,38,-2,14,1017,SE,10.73,0,0
2013/5/1 8:00,45,2,17,1018,cv,1.78,0,0
2013/5/1 16:00,28,-4,24,1011,SE,7.15,0,0
2013/5/2 0:00,71,1,16,1013,SE,38.89,0,0
2013/5/2 8:00,103,6,16,1015,NE,1.79,0,0
2013/5/2 16:00,97,4,23,1009,SE,19.22,0,0
2013/5/3 0:00,59,4,17,1013,SE,58.55,0,0
2013/5/3 8:00,51,8,16,1018,NW,3.58,0,0
2013/5/3 16:00,67,5,22,1015,SE,4.02,0,0
2013/5/4 0:00,86,7,15,1017,SE,30.84,0,0
2013/5/4 8:00,124,10,16,1018,SE,3.58,0,0
2013/5/4 16:00,64,0,25,1014,SE,36.2,0,0
2013/5/5 0:00,104,8,17,1016,SE,61.23,0,0
2013/5/5 8:00,152,8,17,1018,SE,1.79,0,0
2013/5/5 16:00,179,12,27,1014,SE,10.28,0,0
2013/5/6 0:00,284,15,18,1015,SE,0.89,0,0
2013/5/6 8:00,286,15,20,1016,cv,0.89,0,0
2013/5/6 16:00,103,8,31,1012,SE,12.96,0,0
2013/5/7 0:00,161,14,18,1015,SE,1.79,0,0
2013/5/7 8:00,230,14,20,1016,cv,1.78,0,0
2013/5/7 16:00,143,12,29,1013,SE,20.12,0,0
2013/5/8 0:00,196,11,21,1014,SE,46.49,0,0
2013/5/8 8:00,120,10,20,1015,SE,3.13,0,0
2013/5/8 16:00,139,14,23,1013,SE,32.63,0,0
2013/5/9 0:00,42,10,19,1012,NW,3.13,0,0
2013/5/9 8:00,52,11,17,1011,SE,20.12,0,0
2013/5/9 16:00,53,12,19,1008,SE,44.71,0,0
2013/5/10 0:00,73,11,13,1007,SE,3.13,0,0
2013/5/10 8:00,98,13,16,1003,cv,4.46,0,0
2013/5/10 16:00,14,-5,31,998,cv,3.13,0,0
2013/5/11 0:00,47,5,19,999,SE,24.58,0,0
2013/5/11 8:00,106,8,21,995,cv,1.78,0,0
2013/5/11 16:00,25,-14,34,992,NW,42.02,0,0
2013/5/12 0:00,25,-9,18,997,NW,3.13,0,0
2013/5/12 8:00,47,-9,21,1000,NE,7.6,0,0
2013/5/12 16:00,35,-4,28,999,SE,7.15,0,0
2013/5/13 0:00,35,2,16,1003,NE,0.89,0,0
2013/5/13 8:00,130,4,20,1004,NW,8.95,0,0
2013/5/13 16:00,90,6,27,1000,SE,13.41,0,0
2013/5/14 0:00,264,13,17,1004,NE,0.89,0,0
2013/5/14 8:00,17,-1,24,1008,NW,47.38,0,0
2013/5/14 16:00,23,1,31,1007,cv,6.26,0,0
2013/5/15 0:00,67,7,19,1012,cv,0.89,0,0
2013/5/15 8:00,90,5,21,1018,SE,4.92,0,0
2013/5/15 16:00,42,5,27,1014,SE,13.86,0,0
2013/5/16 0:00,40,9,17,1018,SE,39.79,0,0
2013/5/16 8:00,68,10,20,1019,cv,4.46,0,0
2013/5/16 16:00,101,9,26,1014,SE,16.99,0,0
2013/5/17 0:00,66,11,19,1015,SE,44.7,0,0
2013/5/17 8:00,112,12,18,1013,SE,4.92,0,0
2013/5/17 16:00,0,13,24,1009,SE,10.73,0,0
2013/5/18 0:00,0,15,19,1009,SE,34.87,0,0
2013/5/18 8:00,150,15,20,1008,SE,7.15,0,0
2013/5/18 16:00,87,13,24,1004,SE,48.28,0,0
2013/5/19 0:00,37,13,18,1005,SE,1.79,0,0
2013/5/19 8:00,73,14,17,999,SE,30.39,0,0
2013/5/19 16:00,44,-16,27,998,NW,42.02,0,0
2013/5/20 0:00,27,-4,16,1004,cv,0.89,0,0
2013/5/20 8:00,57,-6,22,1004,SE,4.02,0,0
2013/5/20 16:00,41,-4,29,997,SE,54.54,0,0
2013/5/21 0:00,76,5,19,997,SE,90.75,0,0
2013/5/21 8:00,99,10,21,998,SE,1.79,0,0
2013/5/21 16:00,106,12,28,999,cv,0.89,0,0
2013/5/22 0:00,65,8,20,1007,cv,0.89,0,0
2013/5/22 8:00,89,10,23,1010,cv,1.34,0,0
2013/5/22 16:00,57,6,27,1010,SE,31.29,0,0
2013/5/23 0:00,38,9,18,1012,SE,53.63,0,0
2013/5/23 8:00,51,10,20,1012,NE,1.79,0,0
2013/5/23 16:00,123,12,28,1007,SE,12.07,0,0
2013/5/24 0:00,164,17,21,1009,cv,0.89,0,0
2013/5/24 8:00,173,15,24,1012,NE,3.13,0,0
2013/5/24 16:00,146,15,23,1013,SE,7.15,0,0
2013/5/25 0:00,35,15,20,1013,SE,0.89,0,0
2013/5/25 8:00,32,12,23,1012,NW,7.15,0,0
2013/5/25 16:00,83,11,30,1008,SE,14.3,0,0
2013/5/26 0:00,86,18,21,1009,SE,40.23,0,0
2013/5/26 8:00,109,18,23,1008,SE,1.79,0,0
2013/5/26 16:00,131,16,23,1007,SE,16.09,0,0
2013/5/27 0:00,47,15,17,1011,SE,46.04,0,0
2013/5/27 8:00,63,16,17,1010,NW,3.58,0,2
2013/5/27 16:00,86,15,24,1005,cv,3.58,0,0
2013/5/28 0:00,92,16,19,1005,SE,13.86,0,0
2013/5/28 8:00,117,17,19,1005,cv,1.79,0,0
2013/5/28 16:00,61,15,23,1005,SE,8.94,0,0
2013/5/29 0:00,67,-1,22,1008,NW,16.54,0,0
2013/5/29 8:00,13,3,23,1011,NW,71.07,0,0
2013/5/29 16:00,22,-8,31,1007,NW,120.24,0,0
2013/5/30 0:00,40,9,20,1008,cv,0.89,0,0
2013/5/30 8:00,60,8,23,1009,cv,1.78,0,0
2013/5/30 16:00,42,-5,35,1003,SE,31.74,0,0
2013/5/31 0:00,52,6,27,1003,SE,90.75,0,0
2013/5/31 8:00,89,14,22,1004,SE,8.05,0,0
2013/5/31 16:00,101,12,30,1000,SE,41.12,0,0
2013/6/1 0:00,105,16,23,1003,SE,1.79,0,0
2013/6/1 8:00,124,14,25,1007,NE,3.13,0,0
2013/6/1 16:00,23,-3,30,1005,SE,4.92,0,0
2013/6/2 0:00,56,8,20,1008,SE,1.79,0,0
2013/6/2 8:00,220,16,20,1006,SE,10.28,0,0
2013/6/2 16:00,137,18,26,1002,SE,33.53,0,0
2013/6/3 0:00,153,17,22,1003,cv,1.78,0,0
2013/6/3 8:00,170,17,24,1005,NE,3.13,0,0
2013/6/3 16:00,123,2,34,1004,SE,3.13,0,0
2013/6/4 0:00,166,13,22,1007,SE,1.79,0,0
2013/6/4 8:00,167,17,23,1012,SE,32.19,0,0
2013/6/4 16:00,96,16,19,1013,NE,6.71,0,0
2013/6/5 0:00,76,18,19,1012,NW,8.05,0,3
2013/6/5 8:00,114,18,18,1013,SE,1.79,0,2
2013/6/5 16:00,180,17,19,1011,SE,19.68,0,0
2013/6/6 0:00,175,17,19,1013,cv,0.89,0,0
2013/6/6 8:00,104,18,18,1012,SE,11.62,0,3
2013/6/6 16:00,148,19,20,1008,cv,0.89,0,0
2013/6/7 0:00,146,19,21,1008,NW,17.89,0,0
2013/6/7 8:00,103,18,21,1008,SE,11.63,0,0
2013/6/7 16:00,161,19,21,1008,cv,0.89,0,0
2013/6/8 0:00,139,19,20,1009,NW,0.89,0,0
2013/6/8 8:00,147,18,20,1008,cv,2.23,0,1
2013/6/8 16:00,187,19,21,1006,cv,1.78,0,0
2013/6/9 0:00,172,19,20,1007,NE,0.89,0,0
2013/6/9 8:00,21,18,19,1009,NW,3.58,0,1
2013/6/9 16:00,16,16,18,1012,NW,49.62,0,9
2013/6/10 0:00,33,16,17,1013,cv,2.67,0,3
2013/6/10 8:00,45,16,17,1014,cv,2.67,0,0
2013/6/10 16:00,16,12,25,1010,SE,4.02,0,0
2013/6/11 0:00,40,16,19,1010,SE,22.36,0,0
2013/6/11 8:00,86,16,20,1009,NW,3.13,0,0
2013/6/11 16:00,98,15,24,1006,SE,25.48,0,1
2013/6/12 0:00,22,13,18,1009,SE,3.13,0,0
2013/6/12 8:00,59,15,19,1009,SE,1.79,0,0
2013/6/12 16:00,83,15,26,1006,SE,20.56,0,0
2013/6/13 0:00,93,15,20,1008,SE,41.57,0,0
2013/6/13 8:00,112,15,22,1009,NE,4.92,0,0
2013/6/13 16:00,109,15,30,1007,SE,25.93,0,0
2013/6/14 0:00,80,10,25,1008,SE,14.3,0,0
2013/6/14 8:00,94,13,24,1010,SE,37.55,0,0
2013/6/14 16:00,127,14,31,1006,SE,68.85,0,0
2013/6/15 0:00,103,13,22,1007,SE,97.91,0,0
2013/6/15 8:00,93,14,22,1009,SE,6.26,0,0
2013/6/15 16:00,144,16,31,1005,SE,3.58,0,0
2013/6/16 0:00,148,16,24,1006,cv,0.89,0,0
2013/6/16 8:00,152,18,23,1004,SE,15.2,0,0
2013/6/16 16:00,198,20,22,1002,NW,3.13,0,0
2013/6/17 0:00,163,19,22,1003,NE,12.97,0,0
2013/6/17 8:00,16,17,24,1003,NE,4.02,0,0
2013/6/17 16:00,39,15,31,1000,SE,3.13,0,0
2013/6/18 0:00,49,17,24,999,cv,0.89,0,0
2013/6/18 8:00,74,20,27,998,cv,1.78,0,0
2013/6/18 16:00,33,12,33,994,SE,33.53,0,0
2013/6/19 0:00,86,18,24,1001,SE,6.71,0,0
2013/6/19 8:00,94,19,27,1003,NW,4.92,0,0
2013/6/19 16:00,16,6,36,1001,NW,1.79,0,0
2013/6/20 0:00,64,16,28,1003,SE,1.79,0,0
2013/6/20 8:00,41,19,25,1007,NW,6.26,0,0
2013/6/20 16:00,51,14,30,1007,SE,6.71,0,0
2013/6/21 0:00,102,18,24,1009,NE,0.89,0,0
2013/6/21 8:00,88,18,26,1010,NW,3.58,0,0
2013/6/21 16:00,67,17,29,1008,SE,28.16,0,0
2013/6/22 0:00,42,16,24,1009,SE,56.33,0,0
2013/6/22 8:00,108,20,21,1010,NE,1.79,0,4
2013/6/22 16:00,69,19,22,1007,NE,15.2,0,0
2013/6/23 0:00,57,18,20,1007,SE,0.89,0,0
2013/6/23 8:00,87,19,24,1005,NW,3.58,0,0
2013/6/23 16:00,40,13,31,1001,SE,6.26,0,0
2013/6/24 0:00,88,18,24,1003,SE,33.52,0,0
2013/6/24 8:00,248,20,24,1004,SE,9.84,0,0
2013/6/24 16:00,110,20,29,1000,SE,25.47,0,0
2013/6/25 0:00,48,19,21,1002,cv,0.89,0,0
2013/6/25 8:00,120,20,22,1001,cv,0.89,0,0
2013/6/25 16:00,139,21,24,998,SE,4.92,0,0
2013/6/26 0:00,171,21,22,999,SE,11.18,0,0
2013/6/26 8:00,186,21,22,998,cv,4.45,0,0
2013/6/26 16:00,87,21,31,994,SE,24.59,0,0
2013/6/27 0:00,277,21,24,998,SE,0.89,0,0
2013/6/27 8:00,165,20,26,999,NW,6.26,0,0
2013/6/27 16:00,42,15,33,997,SE,1.79,0,0
2013/6/28 0:00,184,23,27,1000,SE,3.13,0,0
2013/6/28 8:00,240,21,25,1002,SE,13.86,0,0
2013/6/28 16:00,428,22,27,999,SE,41.57,0,0
2013/6/29 0:00,25,20,22,1002,SE,3.13,0,0
2013/6/29 8:00,65,20,22,1004,SE,1.79,0,0
2013/6/29 16:00,133,22,26,1004,NW,3.13,0,0
2013/6/30 0:00,186,22,23,1005,NW,1.79,0,0
2013/6/30 8:00,236,22,24,1005,SE,5.81,0,0
2013/6/30 16:00,155,23,28,1002,SE,28.61,0,0
2013/7/1 0:00,155,23,25,1002,cv,2.67,0,0
2013/7/1 8:00,144,22,25,1001,cv,0.89,0,0
2013/7/1 16:00,191,23,26,998,NE,1.79,0,0
2013/7/2 0:00,41,21,23,994,NW,4.92,0,5
2013/7/2 8:00,15,19,27,996,NW,34.42,0,0
2013/7/2 16:00,14,15,36,994,NW,81.35,0,0
2013/7/3 0:00,24,19,29,995,SE,35.31,0,0
2013/7/3 8:00,44,21,29,997,NE,1.79,0,0
2013/7/3 16:00,23,17,35,994,NW,21.9,0,0
2013/7/4 0:00,45,19,29,995,NW,3.13,0,0
2013/7/4 8:00,24,19,29,994,NW,19.22,0,0
2013/7/4 16:00,17,14,36,991,NW,1.79,0,0
2013/7/5 0:00,32,18,23,997,NW,1.79,0,0
2013/7/5 8:00,23,19,28,998,NW,27.71,0,0
2013/7/5 16:00,20,15,35,997,SE,6.26,0,0
2013/7/6 0:00,39,17,30,1000,SE,28.17,0,0
2013/7/6 8:00,117,22,28,1002,cv,0.89,0,0
2013/7/6 16:00,45,18,35,999,SE,28.62,0,0
2013/7/7 0:00,35,19,24,1002,SE,4.92,0,2
2013/7/7 8:00,53,22,26,1002,NW,3.13,0,0
2013/7/7 16:00,100,23,32,998,SE,21.45,0,0
2013/7/8 0:00,216,22,24,1001,NW,5.81,0,2
2013/7/8 8:00,73,23,24,1003,cv,0.89,0,0
2013/7/8 16:00,80,23,27,1001,SE,8.05,0,0
2013/7/9 0:00,150,24,25,1003,NW,1.79,0,0
2013/7/9 8:00,145,23,25,1003,NE,3.13,0,0
2013/7/9 16:00,35,22,23,1003,cv,0.89,0,5
2013/7/10 0:00,39,22,23,1004,cv,0.89,0,0
2013/7/10 8:00,36,21,24,1005,NW,17.89,0,0
2013/7/10 16:00,30,21,24,1005,NW,20.12,0,8
2013/7/11 0:00,32,21,23,1005,NW,43.36,0,0
2013/7/11 8:00,34,21,24,1006,NW,57.22,0,0
2013/7/11 16:00,42,19,28,1005,cv,1.79,0,0
2013/7/12 0:00,62,20,24,1006,SE,12.97,0,0
2013/7/12 8:00,65,22,26,1006,NW,1.79,0,0
2013/7/12 16:00,53,23,31,1004,SE,8.94,0,0
2013/7/13 0:00,120,22,25,1006,SE,34.43,0,0
2013/7/13 8:00,130,23,27,1007,cv,0.89,0,0
2013/7/13 16:00,67,23,31,1006,SE,13.42,0,0
2013/7/14 0:00,94,21,25,1007,SE,38.01,0,0
2013/7/14 8:00,127,22,25,1009,SE,57.69,0,0
2013/7/14 16:00,76,21,30,1006,SE,3.58,0,0
2013/7/15 0:00,78,23,24,1005,NE,0.89,0,3
2013/7/15 8:00,71,23,24,1001,SE,13.86,0,12
2013/7/15 16:00,53,24,25,997,SE,45.15,0,20
2013/7/16 0:00,56,23,24,996,cv,0.89,0,0
2013/7/16 8:00,11,18,27,999,NW,7.15,0,0
2013/7/16 16:00,16,13,33,1000,SE,1.79,0,0
2013/7/17 0:00,38,18,22,1004,cv,0.89,0,0
2013/7/17 8:00,47,19,25,1006,cv,0.89,0,0
2013/7/17 16:00,33,17,32,1003,SE,15.2,0,0
2013/7/18 0:00,72,21,26,1005,SE,44.69,0,0
2013/7/18 8:00,154,22,25,1005,SE,6.26,0,0
2013/7/18 16:00,137,23,27,1003,SE,35.3,0,0
2013/7/19 0:00,93,20,24,1003,SE,3.13,0,0
2013/7/19 8:00,166,21,26,1003,cv,8.02,0,0
2013/7/19 16:00,111,22,31,1001,SE,4.92,0,0
2013/7/20 0:00,119,22,24,1003,SE,0.89,0,0
2013/7/20 8:00,152,23,28,1005,cv,0.89,0,0
2013/7/20 16:00,15,11,34,1003,cv,2.68,0,0
2013/7/21 0:00,109,22,26,1005,SE,8.05,0,0
2013/7/21 8:00,85,21,26,1005,cv,0.89,0,0
2013/7/21 16:00,66,20,31,1003,SE,8.94,0,0
2013/7/22 0:00,61,21,24,1005,SE,23.23,0,0
2013/7/22 8:00,116,21,27,1005,SE,5.37,0,0
2013/7/22 16:00,0,18,30,1002,SE,17.44,0,0
2013/7/23 0:00,70,21,25,1002,cv,1.78,0,0
2013/7/23 8:00,44,18,25,1002,cv,1.79,0,0
2013/7/23 16:00,31,17,31,997,SE,12.07,0,0
2013/7/24 0:00,58,19,24,999,SE,38.45,0,0
2013/7/24 8:00,62,20,28,1001,NW,13.4,0,0
2013/7/24 16:00,14,12,37,998,NW,28.61,0,0
2013/7/25 0:00,38,19,26,1000,cv,1.78,0,0
2013/7/25 8:00,18,17,29,1002,NW,23.24,0,0
2013/7/25 16:00,32,15,35,1000,SE,12.07,0,0
2013/7/26 0:00,43,17,26,1003,SE,40.68,0,0
2013/7/26 8:00,55,18,27,1003,cv,0.89,0,0
2013/7/26 16:00,69,21,25,1003,NW,12.96,0,0
2013/7/27 0:00,74,21,25,1002,NE,1.79,0,0
2013/7/27 8:00,88,22,24,1001,cv,0.89,0,2
2013/7/27 16:00,119,23,25,999,SE,2.68,0,0
2013/7/28 0:00,171,22,24,999,NE,0.89,0,0
2013/7/28 8:00,62,21,28,1001,NE,1.79,0,0
2013/7/28 16:00,22,15,38,999,NW,7.15,0,0
2013/7/29 0:00,36,21,27,1000,SE,1.79,0,0
2013/7/29 8:00,74,22,28,1000,cv,0.89,0,0
2013/7/29 16:00,54,22,31,998,cv,1.78,0,0
2013/7/30 0:00,106,22,25,999,SE,14.75,0,0
2013/7/30 8:00,139,22,26,999,SE,1.79,0,0
2013/7/30 16:00,65,20,34,995,SE,6.26,0,0
2013/7/31 0:00,76,19,22,1001,NW,8.94,0,2
2013/7/31 8:00,40,20,24,1000,SE,2.68,0,0
2013/7/31 16:00,69,22,32,998,SE,16.99,0,0
2013/8/1 0:00,36,20,22,1001,NW,1.79,0,0
2013/8/1 8:00,39,20,24,1003,NW,1.79,0,0
2013/8/1 16:00,42,20,24,1004,SE,6.26,0,0
2013/8/2 0:00,76,20,22,1005,cv,2.68,0,0
2013/8/2 8:00,55,21,24,1006,NW,7.15,0,0
2013/8/2 16:00,89,22,30,1004,SE,6.71,0,0
2013/8/3 0:00,32,17,26,1006,SE,1.79,0,0
2013/8/3 8:00,21,18,26,1004,NE,1.79,0,0
2013/8/3 16:00,27,16,32,1002,SE,15.65,0,0
2013/8/4 0:00,76,21,26,1002,SE,42.92,0,0
2013/8/4 8:00,110,22,26,1001,cv,0.89,0,0
2013/8/4 16:00,62,22,33,997,SE,16.55,0,0
2013/8/5 0:00,31,19,22,999,cv,0.89,0,2
2013/8/5 8:00,46,19,23,999,NW,8.05,0,0
2013/8/5 16:00,54,19,32,997,SE,3.58,0,0
2013/8/6 0:00,55,22,25,998,NE,2.68,0,0
2013/8/6 8:00,124,22,26,1000,cv,1.78,0,0
2013/8/6 16:00,128,25,32,998,SE,8.94,0,0
2013/8/7 0:00,151,23,27,1001,NE,5.81,0,0
2013/8/7 8:00,43,22,25,1002,SE,0.89,0,0
2013/8/7 16:00,19,19,26,1002,NW,26.37,0,2
2013/8/8 0:00,21,19,23,1001,NW,53.64,0,0
2013/8/8 8:00,29,20,25,1000,NW,1.79,0,0
2013/8/8 16:00,34,20,34,998,SE,8.94,0,0
2013/8/9 0:00,30,19,24,1000,NW,8.05,0,0
2013/8/9 8:00,28,17,27,1002,NW,30.85,0,0
2013/8/9 16:00,40,16,37,999,SE,3.13,0,0
2013/8/10 0:00,61,23,27,1002,NE,1.79,0,0
2013/8/10 8:00,39,20,26,1005,NW,4.02,0,0
2013/8/10 16:00,132,23,34,1004,SE,8.04,0,0
2013/8/11 0:00,74,23,26,1006,cv,0.89,0,0
2013/8/11 8:00,208,24,28,1007,SE,5.37,0,1
2013/8/11 16:00,127,23,30,1004,SE,22.35,0,2
2013/8/12 0:00,57,23,25,1004,SE,7.6,0,0
2013/8/12 8:00,51,22,24,1005,SE,25.94,0,0
2013/8/12 16:00,51,21,30,1004,SE,52.76,0,0
2013/8/13 0:00,82,23,26,1005,SE,3.57,0,0
2013/8/13 8:00,78,23,27,1006,cv,0.89,0,0
2013/8/13 16:00,88,22,32,1002,SE,10.73,0,0
2013/8/14 0:00,49,19,24,1003,NE,3.13,0,0
2013/8/14 8:00,29,21,27,1005,SE,1.79,0,0
2013/8/14 16:00,69,24,32,1002,SE,20.12,0,0
2013/8/15 0:00,57,24,28,1003,SE,43.37,0,0
2013/8/15 8:00,77,24,28,1004,cv,1.78,0,0
2013/8/15 16:00,109,24,32,1001,SE,14.76,0,0
2013/8/16 0:00,179,26,29,1000,SE,31.76,0,1
2013/8/16 8:00,75,24,27,997,SE,1.79,0,2
2013/8/16 16:00,136,26,30,996,SE,1.79,0,0
2013/8/17 0:00,155,25,28,998,cv,3.56,0,0
2013/8/17 8:00,24,12,32,1001,NW,24.59,0,0
2013/8/17 16:00,24,11,35,1001,NW,86.74,0,0
2013/8/18 0:00,16,14,23,1005,cv,0.89,0,0
2013/8/18 8:00,10,14,28,1009,NE,4.02,0,0
2013/8/18 16:00,15,13,33,1007,SE,3.13,0,0
2013/8/19 0:00,0,18,23,1010,NW,4.92,0,0
2013/8/19 8:00,19,16,27,1011,NW,1.79,0,0
2013/8/19 16:00,12,7,34,1008,cv,0.89,0,0
2013/8/20 0:00,41,19,24,1010,SE,6.26,0,0
2013/8/20 8:00,120,20,26,1011,SE,1.79,0,0
2013/8/20 16:00,66,21,27,1007,NE,3.13,0,2
2013/8/21 0:00,0,21,24,1008,NE,1.79,0,1
2013/8/21 8:00,117,22,25,1009,cv,1.78,0,0
2013/8/21 16:00,69,18,31,1006,SE,18.33,0,0
2013/8/22 0:00,106,18,21,1007,SE,33.53,0,0
2013/8/22 8:00,117,19,24,1009,NW,3.13,0,0
2013/8/22 16:00,127,21,26,1008,SE,1.79,0,0
2013/8/23 0:00,110,21,23,1009,NW,1.79,0,0
2013/8/23 8:00,77,18,24,1010,NW,25.03,0,0
2013/8/23 16:00,15,11,34,1007,NE,11.18,0,0
2013/8/24 0:00,44,17,22,1010,SE,2.68,0,0
2013/8/24 8:00,31,16,24,1010,NW,14.76,0,0
2013/8/24 16:00,11,13,34,1007,SE,3.13,0,0
2013/8/25 0:00,70,18,22,1008,NE,1.79,0,0
2013/8/25 8:00,26,17,26,1009,cv,0.89,0,0
2013/8/25 16:00,38,13,34,1004,SE,15.2,0,0
2013/8/26 0:00,51,17,24,1004,cv,2.67,0,0
2013/8/26 8:00,50,16,27,1006,NE,4.02,0,0
2013/8/26 16:00,38,16,32,1004,SE,17.88,0,0
2013/8/27 0:00,59,19,24,1008,SE,51.42,0,0
2013/8/27 8:00,57,17,23,1009,SE,73.78,0,0
2013/8/27 16:00,61,20,26,1006,SE,5.81,0,0
2013/8/28 0:00,33,18,23,1004,SE,36.2,0,2
2013/8/28 8:00,68,19,21,1001,cv,2.68,0,5
2013/8/28 16:00,85,20,25,998,cv,4.45,0,0
2013/8/29 0:00,124,20,22,998,NE,0.89,0,0
2013/8/29 8:00,14,8,26,1000,NW,25.93,0,0
2013/8/29 16:00,7,6,28,1004,NW,109.97,0,0
2013/8/30 0:00,14,10,21,1010,NE,11.62,0,0
2013/8/30 8:00,13,11,21,1014,NW,14.76,0,0
2013/8/30 16:00,0,4,29,1010,NW,1.79,0,0
2013/8/31 0:00,34,12,17,1012,NE,0.89,0,0
2013/8/31 8:00,25,10,22,1013,NW,15.65,0,0
2013/8/31 16:00,15,2,31,1010,NW,3.13,0,0
2013/9/1 0:00,55,13,20,1013,SE,12.96,0,0
2013/9/1 8:00,39,13,21,1014,NE,3.13,0,0
2013/9/1 16:00,45,10,29,1012,cv,0.89,0,0
2013/9/2 0:00,71,15,19,1014,cv,0.89,0,0
2013/9/2 8:00,43,14,20,1017,cv,1.78,0,0
2013/9/2 16:00,65,13,27,1014,SE,5.37,0,0
2013/9/3 0:00,82,17,19,1016,SE,19.23,0,0
2013/9/3 8:00,79,15,21,1017,NE,1.79,0,0
2013/9/3 16:00,109,16,27,1014,SE,3.13,0,0
2013/9/4 0:00,133,17,21,1016,SE,19.23,0,0
2013/9/4 8:00,58,16,19,1017,cv,0.89,0,0
2013/9/4 16:00,68,17,22,1015,SE,4.92,0,5
2013/9/5 0:00,31,16,18,1015,NW,8.05,0,5
2013/9/5 8:00,16,15,20,1014,NE,3.13,0,0
2013/9/5 16:00,16,12,26,1012,SE,6.26,0,0
2013/9/6 0:00,62,14,18,1016,SE,0.89,0,0
2013/9/6 8:00,62,15,19,1017,SE,1.79,0,0
2013/9/6 16:00,67,13,26,1014,SE,11.17,0,0
2013/9/7 0:00,132,16,19,1016,SE,1.79,0,0
2013/9/7 8:00,101,17,21,1018,NW,7.15,0,0
2013/9/7 16:00,26,6,28,1015,SE,1.79,0,0
2013/9/8 0:00,123,14,18,1017,cv,0.89,0,0
2013/9/8 8:00,42,15,19,1018,NE,1.79,0,0
2013/9/8 16:00,119,17,25,1014,cv,1.78,0,0
2013/9/9 0:00,45,15,20,1014,cv,1.78,0,1
2013/9/9 8:00,112,17,19,1014,SE,1.79,0,0
2013/9/9 16:00,78,14,25,1010,SE,18.78,0,0
2013/9/10 0:00,98,16,20,1012,SE,37.12,0,0
2013/9/10 8:00,142,18,21,1013,NW,1.79,0,0
2013/9/10 16:00,10,1,29,1011,NW,33.99,0,0
2013/9/11 0:00,115,12,18,1014,cv,0.89,0,0
2013/9/11 8:00,33,13,19,1016,NW,8.05,0,0
2013/9/11 16:00,73,11,29,1012,SE,20.57,0,0
2013/9/12 0:00,106,15,19,1014,SE,38.9,0,0
2013/9/12 8:00,166,16,20,1014,SE,1.79,0,0
2013/9/12 16:00,160,16,27,1009,NW,1.79,0,0
2013/9/13 0:00,46,15,19,1008,SE,21.47,0,2
2013/9/13 8:00,50,16,19,1007,SE,15.21,0,0
2013/9/13 16:00,135,18,21,1004,cv,0.89,0,0
2013/9/14 0:00,144,18,20,1006,NW,4.02,0,0
2013/9/14 8:00,104,19,22,1008,NW,8.5,0,0
2013/9/14 16:00,12,-1,31,1007,NW,22.8,0,0
2013/9/15 0:00,52,8,17,1012,NW,8.05,0,0
2013/9/15 8:00,15,2,18,1016,NE,7.15,0,0
2013/9/15 16:00,28,8,25,1012,SE,8.05,0,0
2013/9/16 0:00,32,13,18,1013,NE,1.79,0,0
2013/9/16 8:00,60,12,19,1013,cv,1.78,0,0
2013/9/16 16:00,37,9,25,1009,SE,13.41,0,0
2013/9/17 0:00,113,15,20,1012,SE,0.89,0,0
2013/9/17 8:00,84,16,20,1014,NW,3.58,0,0
2013/9/17 16:00,95,18,20,1015,cv,2.67,0,7
2013/9/18 0:00,118,18,20,1018,NW,1.79,0,0
2013/9/18 8:00,104,18,20,1020,cv,2.67,0,1
2013/9/18 16:00,95,17,25,1017,SE,4.92,0,0
2013/9/19 0:00,113,17,20,1016,SE,9.39,0,0
2013/9/19 8:00,120,17,21,1013,NE,0.89,0,0
2013/9/19 16:00,112,18,26,1010,SE,7.15,0,0
2013/9/20 0:00,153,17,19,1014,NE,0.89,0,0
2013/9/20 8:00,59,16,21,1017,NW,24.58,0,0
2013/9/20 16:00,16,7,27,1013,SE,5.37,0,0
2013/9/21 0:00,89,16,20,1015,NE,0.89,0,0
2013/9/21 8:00,41,15,21,1016,NW,3.58,0,0
2013/9/21 16:00,38,10,28,1014,SE,16.09,0,0
2013/9/22 0:00,37,13,19,1015,SE,3.13,0,0
2013/9/22 8:00,72,16,19,1016,cv,0.89,0,0
2013/9/22 16:00,111,16,22,1014,cv,0.89,0,0
2013/9/23 0:00,161,16,20,1014,cv,0.89,0,1
2013/9/23 8:00,10,9,15,1017,NW,31.73,0,9
2013/9/23 16:00,11,3,18,1019,NW,80.01,0,0
2013/9/24 0:00,30,7,10,1022,NW,12.07,0,0
2013/9/24 8:00,9,3,14,1024,NW,7.15,0,0
2013/9/24 16:00,9,-3,22,1019,NW,35.75,0,0
2013/9/25 0:00,13,2,12,1022,NE,3.13,0,0
2013/9/25 8:00,23,-1,14,1023,NE,1.79,0,0
2013/9/25 16:00,8,-5,24,1017,SE,12.07,0,0
2013/9/26 0:00,47,6,10,1018,cv,0.89,0,0
2013/9/26 8:00,22,6,15,1019,NW,1.79,0,0
2013/9/26 16:00,64,3,24,1014,SE,9.39,0,0
2013/9/27 0:00,187,9,12,1013,cv,1.78,0,0
2013/9/27 8:00,113,10,13,1013,SE,1.79,0,0
2013/9/27 16:00,229,9,23,1009,SE,14.76,0,0
2013/9/28 0:00,211,9,16,1011,SE,4.92,0,0
2013/9/28 8:00,253,10,14,1011,cv,0.89,0,0
2013/9/28 16:00,234,10,20,1010,SE,4.92,0,0
2013/9/29 0:00,289,11,14,1013,NW,0.89,0,0
2013/9/29 8:00,228,13,17,1017,NW,14.75,0,0
2013/9/29 16:00,212,13,20,1018,NW,35.77,0,0
2013/9/30 0:00,210,14,17,1019,cv,3.12,0,0
2013/9/30 8:00,98,15,18,1020,SE,3.57,0,0
2013/9/30 16:00,84,13,22,1017,SE,26.82,0,0
2013/10/1 0:00,173,15,18,1017,SE,0.89,0,0
2013/10/1 8:00,131,16,18,1016,NW,4.92,0,3
2013/10/1 16:00,12,10,22,1016,NE,12.07,0,0
2013/10/2 0:00,34,11,14,1021,SE,1.79,0,0
2013/10/2 8:00,13,10,15,1024,NW,6.7,0,0
2013/10/2 16:00,8,-4,23,1018,SE,3.13,0,0
2013/10/3 0:00,43,6,10,1018,NE,1.79,0,0
2013/10/3 8:00,45,7,13,1020,NE,1.79,0,0
2013/10/3 16:00,71,10,21,1016,SE,24.13,0,0
2013/10/4 0:00,40,9,13,1016,cv,0.89,0,0
2013/10/4 8:00,83,12,14,1015,SE,1.79,0,0
2013/10/4 16:00,168,12,21,1012,SE,11.63,0,0
2013/10/5 0:00,393,12,14,1015,NE,1.79,0,0
2013/10/5 8:00,310,13,14,1019,NW,0.89,0,0
2013/10/5 16:00,229,12,24,1020,SE,14.31,0,0
2013/10/6 0:00,353,12,15,1023,SE,0.89,0,0
2013/10/6 8:00,260,12,14,1024,cv,0.89,0,0
2013/10/6 16:00,179,14,21,1020,cv,4.46,0,0
2013/10/7 0:00,201,12,14,1021,NW,2.68,0,0
2013/10/7 8:00,160,14,16,1023,NW,16.1,0,0
2013/10/7 16:00,15,-1,24,1022,NE,24.13,0,0
2013/10/8 0:00,76,12,16,1024,cv,2.67,0,0
2013/10/8 8:00,43,8,15,1023,cv,3.12,0,0
2013/10/8 16:00,0,6,21,1016,SE,20.56,0,0
2013/10/9 0:00,97,9,15,1014,SE,8.94,0,0
2013/10/9 8:00,113,10,13,1013,cv,0.89,0,0
2013/10/9 16:00,177,11,20,1009,NE,3.13,0,0
2013/10/10 0:00,208,12,15,1008,NE,1.79,0,0
2013/10/10 8:00,207,13,16,1008,NW,3.13,0,0
2013/10/10 16:00,12,-2,21,1013,NW,77.34,0,0
2013/10/11 0:00,22,-1,12,1015,cv,1.79,0,0
2013/10/11 8:00,46,4,13,1017,cv,0.89,0,0
2013/10/11 16:00,50,0,22,1013,SE,8.05,0,0
2013/10/12 0:00,100,7,11,1017,NE,1.78,0,0
2013/10/12 8:00,63,7,14,1020,NW,17.44,0,0
2013/10/12 16:00,82,3,21,1016,cv,0.89,0,0
2013/10/13 0:00,96,10,16,1018,NW,3.58,0,2
2013/10/13 8:00,45,8,15,1019,NE,8.05,0,0
2013/10/13 16:00,76,10,15,1018,SE,3.58,0,0
2013/10/14 0:00,86,11,14,1019,cv,1.78,0,0
2013/10/14 8:00,39,1,15,1024,NE,11.17,0,0
2013/10/14 16:00,8,-7,14,1028,NE,61.23,0,0
2013/10/15 0:00,26,-5,5,1033,NW,6.71,0,0
2013/10/15 8:00,18,-3,9,1034,NW,3.58,0,0
2013/10/15 16:00,17,-14,17,1027,cv,1.79,0,0
2013/10/16 0:00,67,-1,4,1027,cv,2.67,0,0
2013/10/16 8:00,72,0,8,1027,NW,17.43,0,0
2013/10/16 16:00,30,-9,20,1022,SE,3.58,0,0
2013/10/17 0:00,174,3,8,1025,cv,0.89,0,0
2013/10/17 8:00,98,4,7,1028,cv,0.89,0,0
2013/10/17 16:00,95,-1,18,1024,SE,23.69,0,0
2013/10/18 0:00,224,3,7,1026,SE,1.78,0,0
2013/10/18 8:00,235,5,8,1027,cv,3.13,0,0
2013/10/18 16:00,227,4,17,1023,SE,10.73,0,0
2013/10/19 0:00,283,7,12,1024,NW,1.79,0,1
2013/10/19 8:00,30,-4,14,1026,NW,21.46,0,0
2013/10/19 16:00,12,-5,19,1024,NW,80.47,0,0
2013/10/20 0:00,40,-1,8,1026,NE,0.89,0,0
2013/10/20 8:00,31,-1,11,1027,NW,4.92,0,0
2013/10/20 16:00,16,-4,18,1022,SE,1.79,0,0
2013/10/21 0:00,66,2,8,1023,cv,2.67,0,0
2013/10/21 8:00,89,3,8,1024,cv,2.23,0,0
2013/10/21 16:00,72,-1,18,1021,SE,16.09,0,0
2013/10/22 0:00,146,2,6,1024,NE,0.89,0,0
2013/10/22 8:00,174,4,8,1024,NE,1.79,0,0
2013/10/22 16:00,0,6,17,1018,SE,25.94,0,0
2013/10/23 0:00,73,4,8,1021,NE,7.15,0,0
2013/10/23 8:00,22,-1,7,1023,NW,4.92,0,0
2013/10/23 16:00,21,-16,16,1020,NW,65.72,0,0
2013/10/24 0:00,11,-12,8,1027,NW,36.21,0,0
2013/10/24 8:00,25,-8,7,1028,cv,2.23,0,0
2013/10/24 16:00,22,-5,16,1025,NW,42.47,0,0
2013/10/25 0:00,37,-4,11,1028,NW,83.59,0,0
2013/10/25 8:00,43,-3,11,1030,NW,105.95,0,0
2013/10/25 16:00,23,-7,17,1025,NW,3.58,0,0
2013/10/26 0:00,52,-1,5,1025,NW,4.92,0,0
2013/10/26 8:00,40,-1,7,1025,NW,31.74,0,0
2013/10/26 16:00,47,-6,17,1019,SE,11.17,0,0
2013/10/27 0:00,215,0,6,1019,cv,1.78,0,0
2013/10/27 8:00,113,2,4,1019,NW,2.67,0,0
2013/10/27 16:00,243,2,15,1016,SE,6.71,0,0
2013/10/28 0:00,407,3,6,1018,NW,0.89,0,0
2013/10/28 8:00,269,3,7,1019,NW,19.22,0,0
2013/10/28 16:00,292,4,15,1018,SE,3.58,0,0
2013/10/29 0:00,367,5,9,1025,NE,1.79,0,0
2013/10/29 8:00,24,-1,10,1029,NW,1.79,0,0
2013/10/29 16:00,12,-9,16,1026,SE,1.79,0,0
2013/10/30 0:00,64,-1,4,1029,cv,0.89,0,0
2013/10/30 8:00,44,0,4,1030,NW,1.79,0,0
2013/10/30 16:00,101,-2,15,1025,SE,9.84,0,0
2013/10/31 0:00,165,2,5,1027,NW,0.89,0,0
2013/10/31 8:00,118,1,5,1029,NW,12.07,0,0
2013/10/31 16:00,151,0,13,1026,SE,4.92,0,0
2013/11/1 0:00,274,2,5,1028,SE,0.89,0,0
2013/11/1 8:00,167,3,5,1028,NE,1.79,0,0
2013/11/1 16:00,241,2,12,1024,SE,8.5,0,0
2013/11/2 0:00,196,4,7,1024,cv,2.67,0,0
2013/11/2 8:00,247,2,4,1024,SE,0.89,0,0
2013/11/2 16:00,292,5,13,1020,SE,12.97,0,0
2013/11/3 0:00,334,4,7,1022,cv,0.45,0,0
2013/11/3 8:00,12,-3,13,1023,NW,12.96,0,0
2013/11/3 16:00,7,-8,18,1024,NW,76,0,0
2013/11/4 0:00,9,-3,4,1029,cv,0.89,0,0
2013/11/4 8:00,48,0,7,1030,NW,1.79,0,0
2013/11/4 16:00,27,-7,17,1026,SE,12.07,0,0
2013/11/5 0:00,158,-1,6,1025,NE,1.79,0,0
2013/11/5 8:00,151,1,8,1021,SE,0.89,0,0
2013/11/5 16:00,173,0,13,1018,SE,5.37,0,0
2013/11/6 0:00,296,1,4,1018,cv,0.89,0,0
2013/11/6 8:00,183,2,5,1017,NW,4.02,0,0
2013/11/6 16:00,15,-20,16,1016,NW,57.23,0,0
2013/11/7 0:00,10,-12,10,1022,NW,122.06,0,0
2013/11/7 8:00,27,-7,6,1023,cv,0.89,0,0
2013/11/7 16:00,35,-13,14,1018,SE,23.69,0,0
2013/11/8 0:00,164,-6,2,1020,NW,0.89,0,0
2013/11/8 8:00,121,-3,1,1022,NE,0.89,0,0
2013/11/8 16:00,175,-4,13,1018,SE,0.89,0,0
2013/11/9 0:00,178,0,6,1021,cv,4.02,0,0
2013/11/9 8:00,179,0,7,1022,NW,6.7,0,0
2013/11/9 16:00,32,-7,14,1023,NW,1.79,0,0
2013/11/10 0:00,8,-28,6,1032,NW,72.4,0,0
2013/11/10 8:00,9,-28,2,1033,NW,138.12,0,0
2013/11/10 16:00,9,-26,10,1024,NW,204.27,0,0
2013/11/11 0:00,14,-12,1,1030,NW,1.79,0,0
2013/11/11 8:00,26,-11,7,1031,cv,0.45,0,0
2013/11/11 16:00,42,-14,12,1025,SE,18.77,0,0
2013/11/12 0:00,103,-7,1,1025,NE,1.79,0,0
2013/11/12 8:00,45,-6,4,1026,NW,13.86,0,0
2013/11/12 16:00,14,-10,14,1023,cv,0.89,0,0
2013/11/13 0:00,76,-5,4,1025,SE,1.79,0,0
2013/11/13 8:00,163,-2,3,1023,NE,1.78,0,0
2013/11/13 16:00,248,-1,9,1018,SE,0.89,0,0
2013/11/14 0:00,252,-2,4,1019,NW,6.71,0,0
2013/11/14 8:00,14,-9,7,1020,cv,1.79,0,0
2013/11/14 16:00,27,-16,14,1017,NW,55.88,0,0
2013/11/15 0:00,81,-6,2,1019,NE,1.79,0,0
2013/11/15 8:00,272,-5,0,1019,SE,1.79,0,0
2013/11/15 16:00,108,-12,15,1015,SE,12.52,0,0
2013/11/16 0:00,210,-6,4,1015,cv,1.78,0,0
2013/11/16 8:00,32,-10,10,1017,NW,34.86,0,0
2013/11/16 16:00,7,-15,10,1021,NW,134.54,0,0
2013/11/17 0:00,11,-14,3,1024,NW,196.24,0,0
2013/11/17 8:00,9,-11,2,1025,NW,8.94,0,0
2013/11/17 16:00,9,-19,9,1024,NW,75.1,0,0
2013/11/18 0:00,14,-14,3,1027,NW,126.07,0,0
2013/11/18 8:00,12,-19,4,1028,NW,176.14,0,0
2013/11/18 16:00,9,-21,8,1025,NW,242.32,0,0
2013/11/19 0:00,19,-18,1,1028,NE,23.69,0,0
2013/11/19 8:00,17,-17,0,1027,NE,4.02,0,0
2013/11/19 16:00,0,-19,7,1022,cv,1.78,0,0
2013/11/20 0:00,116,-10,-1,1023,NE,0.89,0,0
2013/11/20 8:00,62,-13,1,1024,NW,23.69,0,0
2013/11/20 16:00,19,-13,11,1022,cv,1.78,0,0
2013/11/21 0:00,174,-9,0,1026,NW,0.89,0,0
2013/11/21 8:00,161,-7,-1,1027,cv,0.89,0,0
2013/11/21 16:00,50,-12,11,1024,cv,2.68,0,0
2013/11/22 0:00,232,-7,0,1027,cv,0.45,0,0
2013/11/22 8:00,57,-6,0,1026,NW,20.12,0,0
2013/11/22 16:00,203,-10,11,1021,SE,3.13,0,0
2013/11/23 0:00,383,-6,0,1022,NE,1.79,0,0
2013/11/23 8:00,163,-6,0,1022,cv,0.89,0,0
2013/11/23 16:00,199,-12,15,1018,NW,14.3,0,0
2013/11/24 0:00,229,-4,3,1020,NE,0.89,0,0
2013/11/24 8:00,47,-7,6,1017,NW,11.62,0,0
2013/11/24 16:00,79,-15,8,1012,NE,3.13,0,0
2013/11/25 0:00,15,-13,6,1015,NW,46.05,0,0
2013/11/25 8:00,17,-17,3,1019,NW,101.93,0,0
2013/11/25 16:00,14,-21,7,1017,NW,162.73,0,0
2013/11/26 0:00,67,-10,-3,1017,cv,4.01,0,0
2013/11/26 8:00,21,-13,-3,1019,NW,3.13,0,0
2013/11/26 16:00,16,-26,6,1017,NW,38.43,0,0
2013/11/27 0:00,7,-25,-2,1025,NW,112.19,0,0
2013/11/27 8:00,5,-27,-4,1027,NW,188.19,0,0
2013/11/27 16:00,12,-29,-1,1027,NW,265.97,0,0
2013/11/28 0:00,6,-30,-3,1029,NW,329.89,0,0
2013/11/28 8:00,10,-26,-2,1029,NW,378.16,0,0
2013/11/28 16:00,10,-28,6,1024,NW,447.9,0,0
2013/11/29 0:00,46,-18,4,1024,NW,485.46,0,0
2013/11/29 8:00,37,-12,-1,1023,cv,0.89,0,0
2013/11/29 16:00,74,-18,11,1016,SE,12.96,0,0
2013/11/30 0:00,97,-12,0,1017,cv,1.78,0,0
2013/11/30 8:00,22,-14,3,1023,NW,30.84,0,0
2013/11/30 16:00,20,-20,9,1024,SE,1.79,0,0
2013/12/1 0:00,28,-13,-2,1026,NE,0.89,0,0
2013/12/1 8:00,125,-13,-2,1025,NW,3.13,0,0
2013/12/1 16:00,83,-17,11,1020,SE,3.13,0,0
2013/12/2 0:00,161,-10,-3,1021,NE,1.78,0,0
2013/12/2 8:00,140,-11,0,1019,NW,6.26,0,0
2013/12/2 16:00,93,-16,11,1017,SE,1.79,0,0
2013/12/3 0:00,233,-11,2,1021,NW,4.02,0,0
2013/12/3 8:00,82,-12,0,1023,NE,1.79,0,0
2013/12/3 16:00,30,-15,14,1021,NW,17.88,0,0
2013/12/4 0:00,167,-10,3,1021,cv,2.68,0,0
2013/12/4 8:00,113,-8,-1,1021,NW,4.92,0,0
2013/12/4 16:00,43,-12,12,1018,NE,16.1,0,0
2013/12/5 0:00,83,-9,4,1021,cv,0.89,0,0
2013/12/5 8:00,33,-12,4,1026,NW,4.02,0,0
2013/12/5 16:00,13,-18,8,1023,SE,1.79,0,0
2013/12/6 0:00,84,-12,-2,1022,cv,1.78,0,0
2013/12/6 8:00,182,-11,-5,1021,NW,1.79,0,0
2013/12/6 16:00,246,-9,9,1017,SE,1.79,0,0
2013/12/7 0:00,330,-6,-2,1020,SE,1.78,0,0
2013/12/7 8:00,172,-8,-4,1021,NW,1.79,0,0
2013/12/7 16:00,421,-3,5,1019,cv,0.89,0,0
2013/12/8 0:00,440,-2,2,1020,cv,3.57,0,0
2013/12/8 8:00,379,-2,2,1020,cv,0.89,0,0
2013/12/8 16:00,13,-16,10,1019,NW,17.89,0,0
2013/12/9 0:00,12,-16,2,1025,NW,95.22,0,0
2013/12/9 8:00,11,-17,1,1026,NW,154.22,0,0
2013/12/9 16:00,10,-19,6,1022,NW,220.38,0,0
2013/12/10 0:00,63,-14,-3,1022,NW,2.68,0,0
2013/12/10 8:00,29,-12,-3,1019,cv,0.45,0,0
2013/12/10 16:00,9,-22,5,1018,NW,56.33,0,0
2013/12/11 0:00,9,-20,0,1023,NW,142.15,0,0
2013/12/11 8:00,23,-15,-1,1022,SE,7.16,0,0
2013/12/11 16:00,29,-21,7,1016,NW,33.08,0,0
2013/12/12 0:00,60,-18,-3,1017,NW,3.58,0,0
2013/12/12 8:00,10,-24,-1,1021,NW,20.12,0,0
2013/12/12 16:00,10,-29,-1,1023,NW,105.94,0,0
2013/12/13 0:00,49,-22,-8,1025,cv,0.89,0,0
2013/12/13 8:00,92,-19,-7,1028,cv,0.89,0,0
2013/12/13 16:00,79,-24,2,1024,SE,12.07,0,0
2013/12/14 0:00,71,-18,-7,1026,NW,7.6,0,0
2013/12/14 8:00,53,-20,-8,1029,NW,8.94,0,0
2013/12/14 16:00,28,-27,4,1028,cv,2.68,0,0
2013/12/15 0:00,52,-19,-3,1032,cv,1.79,0,0
2013/12/15 8:00,22,-22,-2,1034,NE,13.86,0,0
2013/12/15 16:00,48,-23,4,1032,SE,3.13,0,0
2013/12/16 0:00,271,-14,-5,1034,cv,0.89,0,0
2013/12/16 8:00,88,-16,-8,1032,NW,12.52,0,0
2013/12/16 16:00,174,-16,1,1029,SE,1.78,0,0
2013/12/17 0:00,310,-12,-2,1031,NW,1.79,0,0
2013/12/17 8:00,40,-16,0,1033,NE,10.73,0,0
2013/12/17 16:00,26,-20,1,1032,NE,12.52,0,0
2013/12/18 0:00,12,-21,-5,1037,NE,42.92,0,0
2013/12/18 8:00,12,-20,-6,1035,NW,7.15,0,0
2013/12/18 16:00,59,-20,-1,1029,SE,6.71,0,0
2013/12/19 0:00,160,-18,-9,1030,NW,5.81,0,0
2013/12/19 8:00,16,-19,-7,1031,NE,4.02,0,0
2013/12/19 16:00,33,-21,0,1030,NE,29.05,0,0
2013/12/20 0:00,152,-19,-8,1032,NW,9.84,0,0
2013/12/20 8:00,40,-17,-10,1035,NW,16.1,0,0
2013/12/20 16:00,24,-21,1,1034,NE,4.92,0,0
2013/12/21 0:00,37,-19,-4,1037,NE,6.7,0,0
2013/12/21 8:00,26,-16,-8,1037,NW,12.07,0,0
2013/12/21 16:00,89,-21,2,1033,SE,1.79,0,0
2013/12/22 0:00,267,-15,-8,1034,SE,0.89,0,0
2013/12/22 8:00,62,-17,-9,1034,NW,11.63,0,0
2013/12/22 16:00,130,-16,0,1030,SE,3.58,0,0
2013/12/23 0:00,345,-14,-8,1031,NE,1.78,0,0
2013/12/23 8:00,124,-15,-6,1031,NW,24.14,0,0
2013/12/23 16:00,33,-19,5,1031,NE,25.93,0,0
2013/12/24 0:00,247,-14,-6,1036,NE,0.89,0,0
2013/12/24 8:00,332,-13,-9,1036,NE,1.79,0,0
2013/12/24 16:00,362,-11,0,1032,cv,5.34,0,0
2013/12/25 0:00,267,-10,-6,1031,NW,1.79,0,0
2013/12/25 8:00,265,-12,-8,1029,NW,18.79,0,0
2013/12/25 16:00,43,-19,6,1025,NW,50.08,0,0
2013/12/26 0:00,13,-22,-3,1032,NW,143.06,0,0
2013/12/26 8:00,18,-23,-5,1036,NW,212.79,0,0
2013/12/26 16:00,13,-25,2,1033,NW,288.78,0,0
2013/12/27 0:00,13,-22,-5,1034,NW,347.79,0,0
2013/12/27 8:00,18,-21,-4,1033,NW,392.04,0,0
2013/12/27 16:00,20,-23,0,1027,cv,0.89,0,0
2013/12/28 0:00,30,-20,-6,1027,NW,3.58,0,0
2013/12/28 8:00,17,-20,-4,1028,NW,52.74,0,0
2013/12/28 16:00,14,-26,2,1025,NW,114.87,0,0
2013/12/29 0:00,58,-23,-1,1024,SE,4.02,0,0
2013/12/29 8:00,60,-22,-7,1021,cv,1.78,0,0
2013/12/29 16:00,68,-25,6,1016,SE,19.67,0,0
2013/12/30 0:00,0,-23,3,1017,NW,4.92,0,0
2013/12/30 8:00,0,-23,3,1017,NW,50.06,0,0
2013/12/30 16:00,25,-23,7,1014,NW,120.68,0,0
2013/12/31 0:00,84,-18,-2,1013,cv,0.89,0,0
2013/12/31 8:00,61,-19,5,1012,NW,17.43,0,0
2013/12/31 16:00,16,-18,9,1012,NW,92.97,0,0
2014/1/1 0:00,24,-20,7,1014,NW,143.48,0,0
2014/1/1 8:00,58,-18,6,1013,NW,21.9,0,0
2014/1/1 16:00,26,-17,11,1014,NW,76.89,0,0
2014/1/2 0:00,144,-13,-2,1019,NE,0.89,0,0
2014/1/2 8:00,107,-9,-5,1021,NW,3.13,0,0
2014/1/2 16:00,146,-10,6,1016,cv,5.8,0,0
2014/1/3 0:00,264,-9,0,1018,NW,7.15,0,0
2014/1/3 8:00,43,-12,-1,1023,NW,7.15,0,0
2014/1/3 16:00,25,-17,7,1022,SE,1.79,0,0
2014/1/4 0:00,85,-6,-1,1026,SE,6.71,0,0
2014/1/4 8:00,95,-7,-3,1025,cv,0.89,0,0
2014/1/4 16:00,219,-7,2,1020,NW,1.79,0,0
2014/1/5 0:00,192,-8,-4,1021,NW,3.58,0,0
2014/1/5 8:00,109,-8,-4,1024,NW,34.87,0,0
2014/1/5 16:00,29,-15,6,1024,SE,3.13,0,0
2014/1/6 0:00,128,-7,-3,1028,cv,0.89,0,0
2014/1/6 8:00,126,-5,-1,1027,SE,5.37,0,0
2014/1/6 16:00,148,-5,0,1024,SE,29.51,0,0
2014/1/7 0:00,217,-6,-1,1024,cv,1.34,0,0
2014/1/7 8:00,205,-6,-3,1026,NW,16.09,0,0
2014/1/7 16:00,31,-16,5,1027,NE,1.79,0,0
2014/1/8 0:00,14,-22,-3,1032,NW,28.15,0,0
2014/1/8 8:00,19,-20,-5,1035,NE,4.02,0,0
2014/1/8 16:00,18,-25,0,1032,NW,33.52,0,0
2014/1/9 0:00,66,-23,-10,1034,cv,0.89,0,0
2014/1/9 8:00,20,-24,-9,1034,NW,23.7,0,0
2014/1/9 16:00,27,-34,1,1029,NW,67.05,0,0
2014/1/10 0:00,83,-20,-9,1031,cv,0.89,0,0
2014/1/10 8:00,70,-22,-11,1031,cv,0.89,0,0
2014/1/10 16:00,48,-29,5,1029,NW,4.92,0,0
2014/1/11 0:00,118,-19,-9,1032,NE,0.89,0,0
2014/1/11 8:00,108,-20,-11,1032,NE,1.79,0,0
2014/1/11 16:00,143,-25,4,1027,SE,4.02,0,0
2014/1/12 0:00,20,-22,1,1032,NW,8.94,0,0
2014/1/12 8:00,17,-22,-6,1038,cv,0.89,0,0
2014/1/12 16:00,8,-27,3,1035,NW,16.98,0,0
2014/1/13 0:00,57,-19,-9,1034,cv,0.89,0,0
2014/1/13 8:00,112,-19,-11,1033,NE,0.89,0,0
2014/1/13 16:00,79,-23,3,1029,cv,0.89,0,0
2014/1/14 0:00,250,-18,-7,1033,NW,1.79,0,0
2014/1/14 8:00,170,-18,-11,1035,NW,1.79,0,0
2014/1/14 16:00,133,-19,3,1032,SE,3.13,0,0
2014/1/15 0:00,123,-13,-7,1033,cv,5.35,0,0
2014/1/15 8:00,70,-18,-7,1033,NW,4.92,0,0
2014/1/15 16:00,60,-23,5,1029,cv,6.25,0,0
2014/1/16 0:00,569,-10,-3,1028,SE,1.79,0,0
2014/1/16 8:00,477,-8,-5,1028,NW,3.57,0,0
2014/1/16 16:00,298,-14,5,1027,SE,5.37,0,0
2014/1/17 0:00,351,-4,-1,1031,SE,7.6,0,0
2014/1/17 8:00,74,-10,-3,1032,SE,1.79,0,0
2014/1/17 16:00,12,-21,5,1030,NW,14.3,0,0
2014/1/18 0:00,38,-22,1,1032,NW,54.52,0,0
2014/1/18 8:00,33,-16,-5,1034,NW,3.13,0,0
2014/1/18 16:00,89,-18,5,1031,SE,12.07,0,0
2014/1/19 0:00,170,-9,-2,1030,SE,15.64,0,0
2014/1/19 8:00,143,-7,-3,1025,cv,1.78,0,0
2014/1/19 16:00,203,-9,3,1020,SE,6.71,0,0
2014/1/20 0:00,16,-19,-1,1025,NW,50.06,0,0
2014/1/20 8:00,11,-21,-2,1029,NW,135.88,0,0
2014/1/20 16:00,9,-24,3,1030,NW,230.66,0,0
2014/1/21 0:00,11,-20,-2,1034,NW,291.89,0,0
2014/1/21 8:00,22,-21,-5,1035,NE,3.13,0,0
2014/1/21 16:00,48,-24,3,1029,SE,8.94,0,0
2014/1/22 0:00,127,-18,-6,1027,SE,1.79,0,0
2014/1/22 8:00,100,-18,-9,1025,NW,14.31,0,0
2014/1/22 16:00,0,-21,5,1021,SE,1.79,0,0
2014/1/23 0:00,324,-16,-3,1021,SE,3.58,0,0
2014/1/23 8:00,219,-15,-6,1018,NW,4.47,0,0
2014/1/23 16:00,243,-14,3,1013,cv,2.67,0,0
2014/1/24 0:00,301,-11,-3,1015,NW,4.47,0,0
2014/1/24 8:00,241,-12,-3,1016,cv,1.78,0,0
2014/1/24 16:00,47,-23,10,1017,NE,13.86,0,0
2014/1/25 0:00,54,-20,1,1023,NE,1.79,0,0
2014/1/25 8:00,14,-20,0,1026,NW,12.97,0,0
2014/1/25 16:00,17,-24,5,1027,NE,35.31,0,0
2014/1/26 0:00,42,-8,-2,1034,SE,13.41,0,0
2014/1/26 8:00,24,-12,-6,1034,SE,12.08,0,0
2014/1/26 16:00,72,-13,3,1024,SE,42.92,0,0
2014/1/27 0:00,122,-8,-3,1020,SE,14.76,0,0
2014/1/27 8:00,125,-10,-6,1017,NW,10.29,0,0
2014/1/27 16:00,167,-12,7,1017,NW,32.65,0,0
2014/1/28 0:00,11,-24,2,1028,NE,4.92,0,0
2014/1/28 8:00,18,-21,-4,1031,cv,0.89,0,0
2014/1/28 16:00,64,-12,5,1026,SE,30.4,0,0
2014/1/29 0:00,75,-9,-4,1023,SE,56.32,0,0
2014/1/29 8:00,88,-10,-7,1015,SE,1.79,0,0
2014/1/29 16:00,203,-9,3,1011,cv,2.67,0,0
2014/1/30 0:00,229,-10,-3,1014,cv,1.78,0,0
2014/1/30 8:00,12,-19,-2,1019,NW,21.9,0,0
2014/1/30 16:00,17,-26,8,1017,SE,10.73,0,0
2014/1/31 0:00,137,-7,-1,1021,SE,39.79,0,0
2014/1/31 8:00,130,-8,-4,1020,NW,5.37,0,0
2014/1/31 16:00,146,-5,3,1017,SE,3.58,0,0
2014/2/1 0:00,183,-5,2,1019,NE,0.89,0,0
2014/2/1 8:00,189,-6,2,1017,NW,14.31,0,0
2014/2/1 16:00,127,-1,4,1014,SE,5.37,0,0
2014/2/2 0:00,141,-1,2,1012,SE,29.96,0,0
2014/2/2 8:00,152,-2,2,1013,NW,12.96,0,0
2014/2/2 16:00,13,-24,9,1015,NW,89.41,0,0
2014/2/3 0:00,10,-35,1,1023,NE,26.82,0,0
2014/2/3 8:00,6,-33,-3,1029,NW,38.89,0,0
2014/2/3 16:00,6,-40,2,1025,NW,104.18,0,0
2014/2/4 0:00,3,-32,-5,1029,NW,6.71,0,0
2014/2/4 8:00,10,-32,-5,1032,NW,51.86,0,0
2014/2/4 16:00,7,-36,0,1028,SE,3.13,0,0
2014/2/5 0:00,104,-22,-5,1030,SE,1.79,0,0
2014/2/5 8:00,114,-22,-11,1030,NE,1.78,0,0
2014/2/5 16:00,99,-14,1,1027,SE,8.94,0,0
2014/2/6 0:00,139,-12,-4,1029,NE,2.68,0,0
2014/2/6 8:00,155,-12,-7,1031,NE,0.89,0,0
2014/2/6 16:00,121,-15,1,1030,SE,1.79,0,0
2014/2/7 0:00,91,-7,-2,1031,SE,9.39,0,0
2014/2/7 8:00,105,-7,-5,1029,SE,32.19,3,0
2014/2/7 16:00,98,-7,-3,1024,SE,47.85,11,0
2014/2/8 0:00,106,-6,-4,1025,SE,66.19,19,0
2014/2/8 8:00,147,-7,-5,1026,NW,3.13,0,0
2014/2/8 16:00,9,-16,2,1027,NW,7.15,0,0
2014/2/9 0:00,9,-21,-7,1036,NW,55.43,0,0
2014/2/9 8:00,12,-21,-10,1038,NW,91.2,0,0
2014/2/9 16:00,10,-22,-1,1034,cv,0.89,0,0
2014/2/10 0:00,11,-19,-9,1038,NW,29.95,0,0
2014/2/10 8:00,13,-18,-9,1038,NW,4.92,0,0
2014/2/10 16:00,24,-21,-1,1032,SE,8.5,0,0
2014/2/11 0:00,66,-16,-10,1031,cv,0.89,0,0
2014/2/11 8:00,84,-17,-11,1030,NW,7.16,0,0
2014/2/11 16:00,143,-17,1,1025,SE,8.04,0,0
2014/2/12 0:00,220,-13,-8,1029,NE,0.89,0,0
2014/2/12 8:00,124,-14,-7,1033,NW,24.59,0,0
2014/2/12 16:00,100,-20,3,1032,SE,3.13,0,0
2014/2/13 0:00,268,-8,-3,1036,SE,28.61,0,0
2014/2/13 8:00,185,-13,-3,1037,SE,51.86,0,0
2014/2/13 16:00,200,-10,0,1032,SE,74.66,0,0
2014/2/14 0:00,263,-10,-4,1031,NE,7.15,0,0
2014/2/14 8:00,222,-10,-7,1028,cv,0.89,0,0
2014/2/14 16:00,307,-9,3,1023,cv,0.89,0,0
2014/2/15 0:00,579,-8,-5,1025,NW,0.89,0,0
2014/2/15 8:00,319,-9,-4,1025,NE,0.89,0,0
2014/2/15 16:00,423,-8,4,1023,cv,0.89,0,0
2014/2/16 0:00,382,-7,-3,1026,NW,3.58,0,0
2014/2/16 8:00,323,-9,-4,1029,NW,27.72,0,0
2014/2/16 16:00,185,-12,6,1029,SE,7.6,0,0
2014/2/17 0:00,165,-7,0,1033,cv,0.89,0,0
2014/2/17 8:00,67,-9,-1,1036,SE,0.89,0,0
2014/2/17 16:00,67,-19,5,1034,SE,20.12,0,0
2014/2/18 0:00,45,-13,-2,1036,SE,48.28,0,0
2014/2/18 8:00,63,-12,-3,1035,SE,8.95,0,0
2014/2/18 16:00,64,-12,2,1029,SE,37.55,0,0
2014/2/19 0:00,118,-11,-2,1029,NE,1.79,0,0
2014/2/19 8:00,108,-10,-7,1030,NW,1.79,0,0
2014/2/19 16:00,14,-19,5,1027,SE,3.13,0,0
2014/2/20 0:00,152,-7,-2,1030,SE,29.95,0,0
2014/2/20 8:00,184,-5,-2,1032,SE,3.57,1,0
2014/2/20 16:00,327,-6,0,1029,SE,23.25,0,0
2014/2/21 0:00,400,-6,-4,1030,cv,0.45,0,0
2014/2/21 8:00,324,-5,-2,1029,NW,1.79,0,0
2014/2/21 16:00,326,-7,4,1026,SE,1.79,0,0
2014/2/22 0:00,384,-5,-1,1029,NW,0.89,0,0
2014/2/22 8:00,336,-6,2,1030,NW,16.09,0,0
2014/2/22 16:00,350,-4,6,1029,SE,8.05,0,0
2014/2/23 0:00,287,-4,2,1032,SE,12.52,0,0
2014/2/23 8:00,246,-6,1,1032,cv,3.56,0,0
2014/2/23 16:00,336,-6,3,1029,cv,5.34,0,0
2014/2/24 0:00,348,-5,2,1030,NE,0.89,0,0
2014/2/24 8:00,329,-5,2,1029,cv,0.89,0,0
2014/2/24 16:00,358,-5,7,1025,cv,4.46,0,0
2014/2/25 0:00,371,-4,-1,1027,cv,0.89,0,0
2014/2/25 8:00,384,-4,0,1028,NW,7.15,0,0
2014/2/25 16:00,436,-4,8,1024,cv,1.79,0,0
2014/2/26 0:00,541,-4,0,1025,cv,2.23,0,0
2014/2/26 8:00,519,-3,1,1024,NW,1.78,0,0
2014/2/26 16:00,525,0,9,1020,NW,1.79,0,0
2014/2/27 0:00,31,-9,7,1025,NW,14.31,0,0
2014/2/27 8:00,12,-15,3,1031,NW,67.96,0,0
2014/2/27 16:00,17,-19,8,1028,NE,1.79,0,0
2014/2/28 0:00,42,-12,-2,1028,NE,1.79,0,0
2014/2/28 8:00,57,-5,-1,1029,SE,0.89,0,0
2014/2/28 16:00,96,-9,6,1023,cv,1.78,0,0
2014/3/1 0:00,168,-7,-1,1025,NW,5.37,0,0
2014/3/1 8:00,83,-8,2,1026,NW,16.09,0,0
2014/3/1 16:00,10,-27,12,1020,NW,7.15,0,0
2014/3/2 0:00,125,-7,1,1023,SE,27.26,0,0
2014/3/2 8:00,134,-7,0,1024,cv,0.89,0,0
2014/3/2 16:00,137,-13,11,1020,SE,10.28,0,0
2014/3/3 0:00,306,-4,2,1023,SE,12.52,0,0
2014/3/3 8:00,238,-5,-2,1023,SE,2.68,0,0
2014/3/3 16:00,271,-8,3,1020,NW,1.79,0,0
2014/3/4 0:00,266,-9,1,1023,NW,26.83,0,0
2014/3/4 8:00,7,-13,5,1027,NW,8.05,0,0
2014/3/4 16:00,7,-29,10,1025,NW,65.27,0,0
2014/3/5 0:00,14,-22,-2,1030,NW,110.42,0,0
2014/3/5 8:00,35,-15,0,1031,cv,1.79,0,0
2014/3/5 16:00,26,-24,8,1024,SE,29.5,0,0
2014/3/6 0:00,12,-29,3,1029,NW,16.99,0,0
2014/3/6 8:00,14,-24,1,1033,NW,5.37,0,0
2014/3/6 16:00,12,-30,7,1027,NW,17.88,0,0
2014/3/7 0:00,67,-13,1,1029,SE,26.82,0,0
2014/3/7 8:00,86,-10,0,1032,NW,3.58,0,0
2014/3/7 16:00,20,-26,8,1027,SE,3.58,0,0
2014/3/8 0:00,111,-16,2,1028,SE,5.37,0,0
2014/3/8 8:00,159,-4,1,1025,cv,0.89,0,0
2014/3/8 16:00,201,-8,10,1019,SE,9.84,0,0
2014/3/9 0:00,134,-8,-2,1024,NW,1.79,0,0
2014/3/9 8:00,114,-7,0,1028,NE,1.79,0,0
2014/3/9 16:00,133,-12,10,1024,SE,12.52,0,0
2014/3/10 0:00,55,-6,0,1029,SE,40.7,0,0
2014/3/10 8:00,76,-7,0,1027,NE,0.89,0,0
2014/3/10 16:00,121,-9,9,1020,SE,3.13,0,0
2014/3/11 0:00,224,-5,2,1019,cv,1.34,0,0
2014/3/11 8:00,234,-5,2,1017,NW,4.92,0,0
2014/3/11 16:00,220,-6,14,1015,NW,1.79,0,0
2014/3/12 0:00,10,-11,8,1024,NW,11.62,0,0
2014/3/12 8:00,11,-19,6,1027,NW,27.71,0,0
2014/3/12 16:00,13,-25,10,1023,NE,3.13,0,0
2014/3/13 0:00,36,-22,2,1026,NW,6.71,0,0
2014/3/13 8:00,32,-19,3,1025,NW,1.79,0,0
2014/3/13 16:00,20,-22,13,1017,SE,13.86,0,0
2014/3/14 0:00,24,-25,10,1019,NW,20.12,0,0
2014/3/14 8:00,15,-22,9,1022,NW,63.93,0,0
2014/3/14 16:00,16,-21,17,1015,SE,14.75,0,0
2014/3/15 0:00,72,-13,8,1012,SE,46.93,0,0
2014/3/15 8:00,116,-10,6,1011,cv,0.45,0,0
2014/3/15 16:00,136,-13,22,1008,SE,8.05,0,0
2014/3/16 0:00,205,-7,11,1014,SE,30.85,0,0
2014/3/16 8:00,83,-9,10,1018,cv,0.45,0,0
2014/3/16 16:00,116,-8,17,1012,SE,16.98,0,0
2014/3/17 0:00,149,-5,8,1012,SE,0.89,0,0
2014/3/17 8:00,165,-4,8,1011,NW,6.71,0,0
2014/3/17 16:00,27,-11,21,1010,NW,63.92,0,0
2014/3/18 0:00,23,-11,12,1019,NW,123.81,0,0
2014/3/18 8:00,20,-12,13,1024,NE,10.28,0,0
2014/3/18 16:00,76,-6,14,1021,SE,37.55,0,0
2014/3/19 0:00,34,-11,7,1022,SE,70.18,0,0
2014/3/19 8:00,92,-7,7,1022,cv,0.89,0,0
2014/3/19 16:00,66,-4,12,1022,NE,6.26,0,0
2014/3/20 0:00,10,-17,6,1029,NW,32.18,0,0
2014/3/20 8:00,9,-16,12,1029,NW,70.63,0,0
2014/3/20 16:00,7,-17,18,1023,SE,3.13,0,0
2014/3/21 0:00,6,-16,12,1024,NW,4.02,0,0
2014/3/21 8:00,18,-12,10,1024,cv,1.78,0,0
2014/3/21 16:00,0,-18,22,1016,SE,8.94,0,0
2014/3/22 0:00,71,-12,16,1015,SE,42.91,0,0
2014/3/22 8:00,109,-11,11,1017,NW,12.07,0,0
2014/3/22 16:00,11,-19,22,1017,NE,17.43,0,0
2014/3/23 0:00,98,-9,8,1025,NE,1.79,0,0
2014/3/23 8:00,173,-5,9,1027,NE,1.79,0,0
2014/3/23 16:00,156,-5,19,1020,SE,21,0,0
2014/3/24 0:00,247,-1,10,1019,cv,0.89,0,0
2014/3/24 8:00,260,1,8,1016,SE,0.89,0,0
2014/3/24 16:00,192,0,21,1010,SE,4.02,0,0
2014/3/25 0:00,290,2,10,1011,NE,0.89,0,0
2014/3/25 8:00,232,0,12,1012,NW,11.62,0,0
2014/3/25 16:00,189,0,23,1007,SE,7.15,0,0
2014/3/26 0:00,190,4,12,1010,SE,1.78,0,0
2014/3/26 8:00,317,7,11,1012,cv,5.34,0,0
2014/3/26 16:00,246,6,24,1007,SE,5.81,0,0
2014/3/27 0:00,465,7,12,1011,NE,1.78,0,0
2014/3/27 8:00,340,8,14,1014,cv,1.34,0,0
2014/3/27 16:00,82,0,15,1010,NE,0.89,0,0
2014/3/28 0:00,145,2,13,1008,cv,0.89,0,0
2014/3/28 8:00,175,9,13,1008,NE,3.13,0,3
2014/3/28 16:00,60,5,22,1006,SE,8.04,0,0
2014/3/29 0:00,222,8,12,1011,SE,1.78,0,0
2014/3/29 8:00,25,1,15,1015,NW,14.75,0,0
2014/3/29 16:00,23,-3,23,1011,NE,1.79,0,0
2014/3/30 0:00,61,2,13,1014,cv,0.89,0,0
2014/3/30 8:00,44,-1,15,1016,NW,3.13,0,0
2014/3/30 16:00,12,-9,26,1013,SE,3.13,0,0
2014/3/31 0:00,64,-3,18,1016,SE,28.16,0,0
2014/3/31 8:00,180,4,15,1017,cv,0.89,0,0
2014/3/31 16:00,127,1,22,1013,NW,4.02,0,0
2014/4/1 0:00,159,7,12,1015,cv,0.89,0,0
2014/4/1 8:00,220,9,11,1015,NW,3.57,0,0
2014/4/1 16:00,52,-6,24,1009,SE,10.73,0,0
2014/4/2 0:00,95,3,15,1010,cv,0.89,0,0
2014/4/2 8:00,160,5,15,1013,NE,4.47,0,0
2014/4/2 16:00,86,-1,21,1015,SE,16.09,0,0
2014/4/3 0:00,64,-1,13,1023,SE,44.69,0,0
2014/4/3 8:00,9,-16,14,1025,NW,12.96,0,0
2014/4/3 16:00,9,-29,17,1021,NE,20.11,0,0
2014/4/4 0:00,40,-8,8,1022,SE,10.28,0,0
2014/4/4 8:00,59,-6,9,1014,cv,0.89,0,0
2014/4/4 16:00,13,-17,25,1009,NW,7.15,0,0
2014/4/5 0:00,34,-7,11,1022,cv,1.79,0,0
2014/4/5 8:00,16,-9,13,1025,NW,1.79,0,0
2014/4/5 16:00,10,-18,19,1019,SE,3.13,0,0
2014/4/6 0:00,57,-4,9,1021,cv,0.9,0,0
2014/4/6 8:00,91,-7,11,1021,cv,0.89,0,0
2014/4/6 16:00,40,-15,25,1013,SE,27.26,0,0
2014/4/7 0:00,54,-3,14,1014,cv,0.89,0,0
2014/4/7 8:00,105,1,13,1014,cv,0.89,0,0
2014/4/7 16:00,95,-5,25,1011,SE,7.15,0,0
2014/4/8 0:00,166,3,14,1014,SE,6.26,0,0
2014/4/8 8:00,181,4,13,1016,cv,0.89,0,0
2014/4/8 16:00,158,-1,25,1010,SE,16.09,0,0
2014/4/9 0:00,136,4,18,1010,SE,42.02,0,0
2014/4/9 8:00,182,9,16,1010,cv,2.67,0,0
2014/4/9 16:00,56,-8,28,1009,NE,19.22,0,0
2014/4/10 0:00,165,1,16,1020,SE,27.72,0,0
2014/4/10 8:00,101,0,15,1023,SE,12.51,0,0
2014/4/10 16:00,51,-9,18,1020,SE,6.26,0,0
2014/4/11 0:00,51,-1,14,1021,SE,3.58,0,2
2014/4/11 8:00,48,-1,13,1021,NE,1.79,0,0
2014/4/11 16:00,39,-6,17,1017,SE,4.92,0,0
2014/4/12 0:00,78,-2,12,1017,SE,20.58,0,0
2014/4/12 8:00,143,-1,12,1017,NE,2.68,0,0
2014/4/12 16:00,89,-5,21,1013,SE,18.32,0,0
2014/4/13 0:00,120,1,12,1017,SE,16.1,0,0
2014/4/13 8:00,157,5,12,1019,SE,1.79,0,0
2014/4/13 16:00,147,2,24,1015,SE,21.89,0,0
2014/4/14 0:00,254,8,15,1017,SE,43.35,0,0
2014/4/14 8:00,244,7,14,1018,SE,1.79,0,0
2014/4/14 16:00,0,9,26,1013,SE,7.15,0,0
2014/4/15 0:00,56,8,17,1016,cv,0.89,0,0
2014/4/15 8:00,105,9,18,1020,SE,1.79,0,0
2014/4/15 16:00,48,-3,21,1018,SE,44.25,0,0
2014/4/16 0:00,39,-1,14,1018,SE,0.89,0,0
2014/4/16 8:00,44,2,15,1016,SE,0.89,0,0
2014/4/16 16:00,57,-9,20,1011,SE,1.79,0,0
2014/4/17 0:00,127,-2,15,1011,SE,0.89,0,0
2014/4/17 8:00,110,7,11,1013,cv,0.89,0,5
2014/4/17 16:00,101,9,17,1012,SE,3.13,0,0
2014/4/18 0:00,152,10,14,1017,SE,18.79,0,0
2014/4/18 8:00,162,12,14,1020,cv,1.78,0,0
2014/4/18 16:00,176,11,20,1018,SE,16.54,0,0
2014/4/19 0:00,83,3,13,1023,SE,46.49,0,0
2014/4/19 8:00,72,4,13,1022,SE,5.36,0,0
2014/4/19 16:00,55,4,14,1019,SE,34.43,0,2
2014/4/20 0:00,95,5,8,1019,cv,0.89,0,0
2014/4/20 8:00,87,5,13,1018,NW,12.07,0,0
2014/4/20 16:00,33,-2,22,1013,SE,4.02,0,0
2014/4/21 0:00,76,3,11,1016,NW,1.79,0,0
2014/4/21 8:00,48,2,15,1018,cv,1.78,0,0
2014/4/21 16:00,30,-2,25,1013,SE,14.75,0,0
2014/4/22 0:00,73,4,12,1016,SE,1.79,0,0
2014/4/22 8:00,104,0,17,1016,NW,12.07,0,0
2014/4/22 16:00,55,2,27,1009,SE,19.67,0,0
2014/4/23 0:00,73,8,19,1011,SE,52.31,0,0
2014/4/23 8:00,136,12,18,1012,SE,76,0,0
2014/4/23 16:00,143,10,26,1007,SE,110.42,0,0
2014/4/24 0:00,82,11,19,1012,SE,12.52,0,0
2014/4/24 8:00,112,11,17,1015,SE,33.98,0,0
2014/4/24 16:00,121,12,25,1012,SE,14.3,0,0
2014/4/25 0:00,139,9,18,1016,SE,8.05,0,0
2014/4/25 8:00,135,10,18,1017,SE,4.92,0,0
2014/4/25 16:00,90,7,26,1014,SE,11.17,0,0
2014/4/26 0:00,27,11,13,1019,NW,53.2,0,3
2014/4/26 8:00,31,8,13,1021,NW,6.26,0,0
2014/4/26 16:00,42,3,22,1019,SE,3.58,0,0
2014/4/27 0:00,36,10,13,1021,SE,0.89,0,0
2014/4/27 8:00,54,8,16,1021,NW,17.88,0,0
2014/4/27 16:00,55,-1,24,1018,cv,1.79,0,0
2014/4/28 0:00,48,7,15,1022,SE,31.29,0,0
2014/4/28 8:00,86,9,17,1022,NW,11.17,0,0
2014/4/28 16:00,42,0,26,1015,NW,3.13,0,0
2014/4/29 0:00,81,8,14,1016,SE,2.68,0,0
2014/4/29 8:00,113,4,17,1016,cv,1.78,0,0
2014/4/29 16:00,104,4,27,1009,SE,12.97,0,0
2014/4/30 0:00,103,9,18,1011,SE,38.45,0,0
2014/4/30 8:00,146,10,18,1011,cv,0.89,0,0
2014/4/30 16:00,79,9,28,1006,SE,17.88,0,0
2014/5/1 0:00,94,11,20,1008,SE,48.27,0,0
2014/5/1 8:00,150,14,20,1009,SE,66.61,0,0
2014/5/1 16:00,147,12,28,1004,SE,30.85,0,0
2014/5/2 0:00,47,1,15,1013,NW,76.43,0,0
2014/5/2 8:00,39,-5,15,1016,NW,156.45,0,0
2014/5/2 16:00,37,-1,22,1015,NW,207.41,0,0
2014/5/3 0:00,42,5,11,1018,cv,1.78,0,0
2014/5/3 8:00,104,6,14,1014,cv,2.67,0,0
2014/5/3 16:00,66,-5,23,1008,NW,28.17,0,0
2014/5/4 0:00,52,-5,12,1017,NW,123.39,0,0
2014/5/4 8:00,51,-9,13,1017,NW,183.73,0,0
2014/5/4 16:00,43,-13,18,1017,NW,281.61,0,0
2014/5/5 0:00,67,-2,8,1018,cv,0.89,0,0
2014/5/5 8:00,49,-7,14,1020,NW,11.18,0,0
2014/5/5 16:00,33,-8,19,1014,SE,5.81,0,0
2014/5/6 0:00,59,-1,11,1015,SE,1.79,0,0
2014/5/6 8:00,93,2,15,1011,NW,4.92,0,0
2014/5/6 16:00,110,6,20,1005,SE,10.28,0,0
2014/5/7 0:00,124,8,15,1004,cv,0.89,0,0
2014/5/7 8:00,148,8,18,1006,NW,4.92,0,0
2014/5/7 16:00,36,-7,26,1005,NW,61.24,0,0
2014/5/8 0:00,84,9,12,1014,cv,0.89,0,0
2014/5/8 8:00,147,11,16,1016,cv,1.78,0,0
2014/5/8 16:00,79,5,23,1012,SE,23.68,0,0
2014/5/9 0:00,84,6,17,1014,SE,54.97,0,0
2014/5/9 8:00,87,4,17,1015,SE,4.92,0,0
2014/5/9 16:00,71,4,21,1013,SE,36.66,0,0
2014/5/10 0:00,55,5,17,1016,SE,71.09,0,0
2014/5/10 8:00,47,6,16,1017,SE,1.79,0,0
2014/5/10 16:00,59,7,20,1015,NE,3.58,0,0
2014/5/11 0:00,42,9,12,1016,NE,1.79,0,3
2014/5/11 8:00,33,10,11,1009,NE,23.69,0,11
2014/5/11 16:00,8,10,14,1002,NW,26.83,0,19
2014/5/12 0:00,40,10,12,1001,cv,0.89,0,0
2014/5/12 8:00,75,12,16,1002,cv,0.89,0,0
2014/5/12 16:00,30,7,29,999,SE,31.3,0,0
2014/5/13 0:00,42,7,23,1000,SE,73.76,0,0
2014/5/13 8:00,106,12,19,1001,NE,1.79,0,0
2014/5/13 16:00,45,-1,31,998,NW,29.06,0,0
2014/5/14 0:00,32,-5,20,1004,NW,91.63,0,0
2014/5/14 8:00,22,-2,19,1007,NW,164.95,0,0
2014/5/14 16:00,18,-2,22,1004,cv,4.02,0,0
2014/5/15 0:00,30,4,11,1003,cv,1.78,0,0
2014/5/15 8:00,89,4,18,1002,NW,11.18,0,0
2014/5/15 16:00,111,1,28,997,SE,22.79,0,0
2014/5/16 0:00,203,4,21,1001,SE,1.79,0,0
2014/5/16 8:00,57,3,23,1007,NE,4.02,0,0
2014/5/16 16:00,45,2,29,1006,SE,3.13,0,0
2014/5/17 0:00,74,6,18,1013,cv,0.89,0,0
2014/5/17 8:00,96,7,21,1015,NW,4.92,0,0
2014/5/17 16:00,54,5,28,1009,SE,28.6,0,0
2014/5/18 0:00,34,6,20,1011,SE,54.08,0,0
2014/5/18 8:00,89,9,21,1011,cv,0.89,0,0
2014/5/18 16:00,77,10,30,1005,SE,20.56,0,0
2014/5/19 0:00,100,13,24,1006,SE,53.2,0,0
2014/5/19 8:00,83,16,19,1007,NW,1.79,0,0
2014/5/19 16:00,132,15,28,1001,SE,21.01,0,0
2014/5/20 0:00,174,16,21,1003,cv,2.67,0,0
2014/5/20 8:00,36,8,23,1005,NE,18.78,0,0
2014/5/20 16:00,18,8,32,1002,SE,1.79,0,0
2014/5/21 0:00,106,11,20,1006,SE,31.75,0,0
2014/5/21 8:00,80,12,22,1007,NW,3.13,0,0
2014/5/21 16:00,115,15,31,1003,SE,10.28,0,0
2014/5/22 0:00,146,16,23,1005,SE,31.3,0,0
2014/5/22 8:00,258,18,23,1007,SE,1.79,0,0
2014/5/22 16:00,50,9,34,1005,SE,36.21,0,0
2014/5/23 0:00,73,14,23,1009,SE,66.16,0,0
2014/5/23 8:00,105,15,26,1011,SE,1.79,0,0
2014/5/23 16:00,46,10,33,1008,SE,48.72,0,0
2014/5/24 0:00,104,15,26,1008,SE,15.2,0,0
2014/5/24 8:00,102,18,19,1008,SE,14.76,0,7
2014/5/24 16:00,99,19,21,1007,SE,3.13,0,0
2014/5/25 0:00,95,18,19,1009,SE,21.47,0,0
2014/5/25 8:00,160,19,21,1008,cv,0.89,0,0
2014/5/25 16:00,10,-1,28,1005,NW,92.55,0,0
2014/5/26 0:00,15,8,15,1006,SE,1.79,0,0
2014/5/26 8:00,18,4,26,1003,cv,6.24,0,0
2014/5/26 16:00,27,5,34,994,SE,48.73,0,0
2014/5/27 0:00,26,8,21,995,cv,0.89,0,0
2014/5/27 8:00,102,5,30,995,NW,15.64,0,0
2014/5/27 16:00,12,10,30,996,NW,109.96,0,0
2014/5/28 0:00,12,6,19,1001,cv,0.89,0,0
2014/5/28 8:00,43,10,25,1004,cv,2.67,0,0
2014/5/28 16:00,34,5,37,997,SE,29.95,0,0
2014/5/29 0:00,44,12,23,997,SE,73.32,0,0
2014/5/29 8:00,77,12,27,998,cv,6.68,0,0
2014/5/29 16:00,8,4,39,996,NE,1.79,0,0
2014/5/30 0:00,79,13,25,1002,cv,0.89,0,0
2014/5/30 8:00,88,12,30,1007,cv,0.89,0,0
2014/5/30 16:00,104,15,33,1005,SE,33.52,0,0
2014/5/31 0:00,72,13,24,1008,SE,56.76,0,0
2014/5/31 8:00,125,14,25,1009,cv,1.78,0,0
2014/5/31 16:00,134,16,34,1005,SE,6.26,0,0
2014/6/1 0:00,83,18,22,1010,NW,14.75,0,0
2014/6/1 8:00,43,16,23,1007,NW,20.57,0,0
2014/6/1 16:00,62,18,27,1006,SE,9.84,0,0
2014/6/2 0:00,55,13,21,1012,SE,3.58,0,0
2014/6/2 8:00,25,14,21,1013,NW,3.13,0,0
2014/6/2 16:00,31,11,26,1010,cv,0.89,0,0
2014/6/3 0:00,57,13,22,1009,NW,16.54,0,0
2014/6/3 8:00,29,13,24,1009,NW,10.28,0,0
2014/6/3 16:00,43,12,32,1006,SE,16.09,0,0
2014/6/4 0:00,47,14,23,1008,SE,39.79,0,0
2014/6/4 8:00,88,16,25,1007,cv,3.56,0,0
2014/6/4 16:00,53,13,30,1004,SE,13.41,0,0
2014/6/5 0:00,0,15,26,1005,NW,1.79,0,0
2014/6/5 8:00,102,17,25,1006,cv,0.89,0,0
2014/6/5 16:00,49,13,33,1002,SE,4.92,0,0
2014/6/6 0:00,0,16,27,1003,SE,23.24,0,0
2014/6/6 8:00,101,18,25,1004,SE,3.58,0,0
2014/6/6 16:00,6,16,18,1004,NE,4.92,0,5
2014/6/7 0:00,0,14,16,1005,cv,0.89,0,0
2014/6/7 8:00,6,11,22,1006,NW,15.65,0,0
2014/6/7 16:00,7,8,30,1001,NW,54.55,0,0
2014/6/8 0:00,0,15,19,1003,cv,1.78,0,0
2014/6/8 8:00,25,14,21,1003,NE,1.79,0,0
2014/6/8 16:00,11,14,20,1002,SE,3.13,0,0
2014/6/9 0:00,0,14,17,1002,NW,4.92,0,0
2014/6/9 8:00,0,14,22,1005,NW,6.71,0,0
2014/6/9 16:00,32,9,29,1003,SE,6.26,0,1
2014/6/10 0:00,52,13,20,1008,SE,1.79,0,0
2014/6/10 8:00,82,16,20,1009,cv,1.78,0,0
2014/6/10 16:00,59,17,24,1008,SE,3.13,0,0
2014/6/11 0:00,103,17,19,1010,SE,0.89,0,0
2014/6/11 8:00,59,15,22,1012,NE,8.05,0,0
2014/6/11 16:00,16,11,30,1007,cv,4.92,0,0
2014/6/12 0:00,33,15,22,1008,SE,0.89,0,0
2014/6/12 8:00,31,15,26,1008,NE,3.13,0,0
2014/6/12 16:00,14,11,35,1003,cv,4.92,0,0
2014/6/13 0:00,64,18,25,1007,cv,0.89,0,0
2014/6/13 8:00,78,18,27,1009,cv,0.89,0,0
2014/6/13 16:00,48,16,32,1005,SE,10.73,0,0
2014/6/14 0:00,37,18,19,1008,NE,2.68,0,0
2014/6/14 8:00,25,18,23,1008,NW,8.49,0,0
2014/6/14 16:00,39,17,31,1004,SE,3.13,0,0
2014/6/15 0:00,128,18,25,1006,SE,22.81,0,0
2014/6/15 8:00,117,18,27,1006,cv,0.89,0,0
2014/6/15 16:00,161,19,31,1002,SE,17.89,0,0
2014/6/16 0:00,140,20,22,1004,SE,0.89,0,0
2014/6/16 8:00,164,20,24,1003,cv,0.89,0,0
2014/6/16 16:00,105,19,29,1000,SE,7.15,0,0
2014/6/17 0:00,176,20,26,1001,SE,7.15,0,0
2014/6/17 8:00,24,18,20,1003,NW,3.13,0,0
2014/6/17 16:00,132,20,26,1001,SE,13.42,0,1
2014/6/18 0:00,75,17,19,1004,NE,1.79,0,0
2014/6/18 8:00,46,18,21,1004,NW,7.15,0,0
2014/6/18 16:00,0,16,31,1000,SE,7.15,0,0
2014/6/19 0:00,143,20,22,1002,SE,0.89,0,0
2014/6/19 8:00,137,19,24,1005,SE,3.13,0,0
2014/6/19 16:00,109,19,26,1005,SE,36.19,0,0
2014/6/20 0:00,78,18,22,1006,SE,1.79,0,0
2014/6/20 8:00,59,18,20,1008,NW,4.92,0,8
2014/6/20 16:00,17,16,28,1005,cv,1.79,0,0
2014/6/21 0:00,74,18,21,1009,SE,19.23,0,0
2014/6/21 8:00,73,18,21,1010,SE,2.68,0,0
2014/6/21 16:00,53,15,28,1007,SE,9.84,0,0
2014/6/22 0:00,16,17,19,1009,NW,10.29,0,0
2014/6/22 8:00,38,18,23,1010,NW,8.05,0,0
2014/6/22 16:00,36,15,29,1006,SE,3.13,0,0
2014/6/23 0:00,36,16,20,1009,NW,4.02,0,0
2014/6/23 8:00,18,16,24,1010,NW,30.39,0,0
2014/6/23 16:00,16,13,31,1006,SE,8.05,0,0
2014/6/24 0:00,43,16,22,1006,SE,14.31,0,0
2014/6/24 8:00,64,18,25,1006,SE,1.79,0,0
2014/6/24 16:00,54,17,31,1002,SE,20.1,0,0
2014/6/25 0:00,52,17,26,1003,SE,40.67,0,0
2014/6/25 8:00,86,18,25,1003,SE,3.58,0,0
2014/6/25 16:00,98,19,26,1002,SE,33.54,0,0
2014/6/26 0:00,159,21,23,1004,SE,56.35,0,0
2014/6/26 8:00,168,21,24,1004,cv,2.68,0,0
2014/6/26 16:00,106,20,33,1001,SE,1.79,0,0
2014/6/27 0:00,62,19,23,1005,NW,4.02,0,0
2014/6/27 8:00,15,15,29,1008,NW,5.37,0,0
2014/6/27 16:00,11,10,34,1005,SE,3.13,0,0
2014/6/28 0:00,28,14,24,1007,NW,1.79,0,0
2014/6/28 8:00,24,13,28,1007,NW,30.39,0,0
2014/6/28 16:00,15,12,36,1003,NE,3.13,0,0
2014/6/29 0:00,30,16,25,1006,NE,1.79,0,0
2014/6/29 8:00,77,16,29,1007,cv,1.79,0,0
2014/6/29 16:00,59,15,35,1004,SE,16.54,0,0
2014/6/30 0:00,70,18,25,1006,cv,0.89,0,0
2014/6/30 8:00,65,19,28,1007,cv,0.89,0,0
2014/6/30 16:00,72,15,34,1004,SE,16.99,0,0
2014/7/1 0:00,59,15,28,1005,SE,46.93,0,0
2014/7/1 8:00,108,19,27,1006,SE,3.13,0,0
2014/7/1 16:00,122,21,31,1003,SE,29.05,0,0
2014/7/2 0:00,27,20,21,1005,cv,1.78,0,6
2014/7/2 8:00,57,20,22,1004,cv,0.89,0,1
2014/7/2 16:00,78,21,26,1002,cv,3.56,0,0
2014/7/3 0:00,110,21,23,1001,SE,4.02,0,0
2014/7/3 8:00,263,22,24,1002,SE,5.37,0,0
2014/7/3 16:00,175,22,30,1000,SE,8.5,0,0
2014/7/4 0:00,295,23,25,1002,SE,1.79,0,0
2014/7/4 8:00,201,22,26,1005,NE,1.79,0,0
2014/7/4 16:00,178,23,32,1004,SE,8.04,0,0
2014/7/5 0:00,168,22,25,1007,SE,0.89,0,0
2014/7/5 8:00,125,22,25,1008,SE,3.58,0,0
2014/7/5 16:00,74,21,31,1005,cv,4.02,0,0
2014/7/6 0:00,182,23,26,1006,SE,20.56,0,0
2014/7/6 8:00,240,22,25,1006,SE,40.24,0,0
2014/7/6 16:00,150,24,30,1004,SE,62.15,0,0
2014/7/7 0:00,139,22,26,1004,SE,82.72,0,0
2014/7/7 8:00,80,22,26,1005,SE,9.84,0,0
2014/7/7 16:00,191,23,31,1001,SE,35.78,0,0
2014/7/8 0:00,196,21,27,1001,cv,0.89,0,0
2014/7/8 8:00,137,21,27,1002,NE,3.58,0,0
2014/7/8 16:00,13,14,32,1002,NE,3.13,0,0
2014/7/9 0:00,55,20,23,1004,NE,0.89,0,0
2014/7/9 8:00,17,16,25,1006,NW,17.89,0,0
2014/7/9 16:00,14,14,30,1003,SE,1.79,0,0
2014/7/10 0:00,34,19,24,1002,NW,2.68,0,0
2014/7/10 8:00,25,17,28,1002,NW,10.73,0,0
2014/7/10 16:00,17,12,37,998,SE,16.54,0,0
2014/7/11 0:00,48,16,27,998,SE,49.63,0,0
2014/7/11 8:00,35,14,29,1001,NE,4.02,0,0
2014/7/11 16:00,13,13,35,999,NE,3.13,0,0
2014/7/12 0:00,46,14,28,1002,NE,3.13,0,0
2014/7/12 8:00,10,12,27,1004,NE,25.02,0,0
2014/7/12 16:00,0,10,34,1000,SE,10.28,0,0
2014/7/13 0:00,36,16,24,1003,SE,4.47,0,0
2014/7/13 8:00,17,13,28,1004,NW,7.15,0,0
2014/7/13 16:00,9,14,31,1001,NW,11.18,0,1
2014/7/14 0:00,50,17,23,1003,NW,1.79,0,0
2014/7/14 8:00,19,16,27,1003,NE,3.13,0,0
2014/7/14 16:00,39,15,36,1001,SE,13.41,0,0
2014/7/15 0:00,30,17,28,1003,SE,3.13,0,0
2014/7/15 8:00,44,17,26,1004,NW,3.13,0,0
2014/7/15 16:00,57,17,32,1002,SE,29.06,0,0
2014/7/16 0:00,93,20,27,1004,cv,1.79,0,0
2014/7/16 8:00,130,21,26,1004,SE,1.79,0,0
2014/7/16 16:00,134,22,31,1002,SE,6.26,0,0
2014/7/17 0:00,64,19,22,1004,cv,0.89,0,0
2014/7/17 8:00,142,21,24,1006,cv,3.12,0,0
2014/7/17 16:00,162,22,28,1005,SE,19.23,0,0
2014/7/18 0:00,220,23,26,1006,NE,1.79,0,0
2014/7/18 8:00,122,21,26,1008,SE,4.47,0,0
2014/7/18 16:00,96,23,34,1006,SE,8.94,0,0
2014/7/19 0:00,87,24,28,1007,SE,3.57,0,0
2014/7/19 8:00,68,24,30,1009,SE,2.68,0,0
2014/7/19 16:00,38,22,37,1006,SE,12.06,0,0
2014/7/20 0:00,41,24,31,1008,SE,39.77,0,1
2014/7/20 8:00,52,23,30,1007,SE,8.05,0,0
2014/7/20 16:00,79,23,36,1002,SE,41.58,0,0
2014/7/21 0:00,56,24,32,1001,SE,74.65,0,0
2014/7/21 8:00,20,20,27,1002,NW,19.67,0,0
2014/7/21 16:00,13,18,34,1002,NE,1.79,0,0
2014/7/22 0:00,6,16,29,1004,NW,8.94,0,0
2014/7/22 8:00,19,17,27,1007,NW,14.75,0,0
2014/7/22 16:00,16,17,29,1006,NW,21.01,0,0
2014/7/23 0:00,16,15,27,1006,NW,17.43,0,0
2014/7/23 8:00,20,19,25,1005,cv,0.89,0,0
2014/7/23 16:00,20,14,32,1002,NW,6.26,0,0
2014/7/24 0:00,46,21,25,1003,cv,0.89,0,0
2014/7/24 8:00,76,20,25,1005,cv,1.34,0,1
2014/7/24 16:00,50,19,29,1005,SE,1.79,0,0
2014/7/25 0:00,136,19,21,1007,NE,2.68,0,0
2014/7/25 8:00,97,20,26,1006,NW,12.07,0,0
2014/7/25 16:00,31,17,33,1004,SE,13.41,0,0
2014/7/26 0:00,72,16,26,1006,SE,38.9,0,0
2014/7/26 8:00,137,20,27,1009,cv,1.78,0,0
2014/7/26 16:00,62,16,35,1007,SE,13.85,0,0
2014/7/27 0:00,60,16,27,1010,SE,45.59,0,0
2014/7/27 8:00,106,18,26,1011,SE,1.79,0,0
2014/7/27 16:00,93,18,35,1005,SE,22.81,0,0
2014/7/28 0:00,93,20,27,1005,SE,50.08,0,0
2014/7/28 8:00,143,21,27,1006,SE,68.42,0,0
2014/7/28 16:00,67,17,35,1002,SE,31.28,0,0
2014/7/29 0:00,96,21,28,1003,SE,62.58,0,0
2014/7/29 8:00,179,21,28,1005,SE,86.72,0,0
2014/7/29 16:00,89,18,34,1001,SE,129.18,0,0
2014/7/30 0:00,78,22,23,1003,SE,164.94,0,5
2014/7/30 8:00,134,22,23,1006,cv,0.89,0,0
2014/7/30 16:00,112,22,28,1005,SE,16.55,0,0
2014/7/31 0:00,201,22,25,1008,cv,1.78,0,0
2014/7/31 8:00,250,23,25,1008,SE,5.37,0,0
2014/7/31 16:00,134,22,31,1005,SE,28.17,0,0
2014/8/1 0:00,196,22,26,1007,SE,43.83,0,0
2014/8/1 8:00,179,23,26,1007,SE,3.58,0,0
2014/8/1 16:00,94,22,32,1005,SE,8.05,0,0
2014/8/2 0:00,78,24,26,1005,SE,1.78,0,0
2014/8/2 8:00,57,24,27,1005,SE,4.92,0,0
2014/8/2 16:00,104,24,34,1001,SE,3.58,0,0
2014/8/3 0:00,138,24,27,1001,NE,2.68,0,0
2014/8/3 8:00,102,25,29,1002,NE,2.68,0,0
2014/8/3 16:00,102,24,33,1000,NW,12.96,0,0
2014/8/4 0:00,74,24,26,1001,NE,0.89,0,0
2014/8/4 8:00,59,20,28,1003,NE,8.05,0,0
2014/8/4 16:00,4,19,22,1006,NE,4.92,0,0
2014/8/5 0:00,6,18,20,1006,NW,10.29,0,0
2014/8/5 8:00,16,18,22,1008,NW,16.1,0,0
2014/8/5 16:00,32,16,31,1005,SE,8.5,0,0
2014/8/6 0:00,32,21,23,1007,SE,0.89,0,0
2014/8/6 8:00,63,19,27,1008,NW,16.09,0,0
2014/8/6 16:00,5,12,33,1006,SE,1.79,0,0
2014/8/7 0:00,125,19,23,1009,cv,0.89,0,0
2014/8/7 8:00,40,17,25,1010,NW,12.96,0,0
2014/8/7 16:00,43,14,32,1007,SE,10.28,0,0
2014/8/8 0:00,48,17,25,1009,SE,34.42,0,0
2014/8/8 8:00,90,19,26,1010,cv,1.78,0,0
2014/8/8 16:00,39,14,32,1007,SE,25.49,0,0
2014/8/9 0:00,72,18,22,1007,SE,46.51,0,0
2014/8/9 8:00,160,20,25,1008,SE,3.58,0,0
2014/8/9 16:00,54,16,31,1003,SE,18.33,0,0
2014/8/10 0:00,17,19,21,1004,NE,1.79,0,0
2014/8/10 8:00,24,19,24,1005,cv,0.89,0,0
2014/8/10 16:00,23,16,33,1000,SE,4.02,0,0
2014/8/11 0:00,86,19,24,1004,NW,1.79,0,0
2014/8/11 8:00,12,16,27,1006,NW,27.72,0,0
2014/8/11 16:00,9,10,34,1002,SE,3.58,0,0
2014/8/12 0:00,50,17,21,1005,cv,0.45,0,0
2014/8/12 8:00,17,10,27,1007,NE,3.13,0,0
2014/8/12 16:00,28,12,32,1004,SE,3.58,0,0
2014/8/13 0:00,23,18,22,1008,SE,5.81,0,1
2014/8/13 8:00,36,19,20,1008,SE,3.13,0,5
2014/8/13 16:00,15,18,21,1008,NW,4.92,0,0
2014/8/14 0:00,29,17,18,1009,NW,1.79,0,0
2014/8/14 8:00,25,17,22,1009,NW,6.26,0,0
2014/8/14 16:00,27,17,30,1005,SE,19.67,0,0
2014/8/15 0:00,32,17,21,1006,SE,1.79,0,0
2014/8/15 8:00,121,19,23,1008,NE,1.79,0,0
2014/8/15 16:00,34,14,32,1005,SE,8.05,0,0
2014/8/16 0:00,55,19,23,1007,SE,6.71,0,0
2014/8/16 8:00,37,19,24,1009,NE,1.79,0,0
2014/8/16 16:00,52,16,33,1006,SE,6.26,0,0
2014/8/17 0:00,172,22,25,1008,SE,3.13,0,0
2014/8/17 8:00,38,17,24,1010,NE,1.79,0,0
2014/8/17 16:00,23,16,30,1009,SE,16.1,0,0
2014/8/18 0:00,93,19,22,1011,SE,0.89,0,0
2014/8/18 8:00,26,17,24,1013,NE,1.79,0,0
2014/8/18 16:00,0,18,30,1010,SE,16.99,0,0
2014/8/19 0:00,74,17,23,1012,SE,42.02,0,0
2014/8/19 8:00,107,19,25,1013,NW,3.13,0,0
2014/8/19 16:00,48,17,32,1009,SE,16.09,0,0
2014/8/20 0:00,73,19,25,1010,SE,40.67,0,0
2014/8/20 8:00,112,19,25,1010,cv,0.89,0,0
2014/8/20 16:00,0,17,33,1006,SE,25.49,0,0
2014/8/21 0:00,0,19,26,1008,SE,50.53,0,0
2014/8/21 8:00,153,21,24,1008,cv,1.78,0,1
2014/8/21 16:00,123,21,32,1005,SE,14.31,0,0
2014/8/22 0:00,22,17,24,1008,NW,9.84,0,0
2014/8/22 8:00,23,19,24,1009,NE,1.79,0,0
2014/8/22 16:00,76,19,28,1006,SE,3.13,0,0
2014/8/23 0:00,115,21,24,1006,SE,2.68,0,0
2014/8/23 8:00,134,20,24,1006,cv,1.78,0,0
2014/8/23 16:00,108,19,31,1003,SE,6.26,0,0
2014/8/24 0:00,26,19,24,1006,NW,11.17,0,1
2014/8/24 8:00,3,19,24,1008,NW,4.02,0,0
2014/8/24 16:00,7,12,32,1005,cv,8.49,0,0
2014/8/25 0:00,25,18,22,1010,SE,0.89,0,0
2014/8/25 8:00,17,14,24,1012,NE,3.13,0,0
2014/8/25 16:00,6,8,32,1009,SE,3.58,0,0
2014/8/26 0:00,26,14,21,1013,cv,0.89,0,0
2014/8/26 8:00,19,13,25,1014,NW,15.65,0,0
2014/8/26 16:00,10,4,35,1011,cv,6.71,0,0
2014/8/27 0:00,57,14,21,1013,SE,1.79,0,0
2014/8/27 8:00,27,13,25,1014,NW,8.05,0,0
2014/8/27 16:00,47,14,33,1012,SE,12.96,0,0
2014/8/28 0:00,89,17,24,1013,SE,6.26,0,0
2014/8/28 8:00,64,17,24,1015,cv,2.23,0,0
2014/8/28 16:00,80,18,27,1013,cv,4.46,0,2
2014/8/29 0:00,79,18,19,1015,NE,1.79,0,0
2014/8/29 8:00,68,18,21,1016,cv,0.89,0,0
2014/8/29 16:00,85,18,27,1015,cv,1.78,0,0
2014/8/30 0:00,107,20,23,1016,SE,3.57,0,0
2014/8/30 8:00,152,20,22,1016,NW,1.79,0,0
2014/8/30 16:00,158,22,24,1013,cv,1.78,0,0
2014/8/31 0:00,100,20,21,1014,NE,1.79,0,2
2014/8/31 8:00,79,20,21,1013,cv,1.78,0,0
2014/8/31 16:00,79,20,26,1012,SE,13.86,0,0
2014/9/1 0:00,103,20,20,1014,NE,1.78,0,0
2014/9/1 8:00,109,20,22,1014,SE,1.79,0,0
2014/9/1 16:00,95,20,22,1011,NE,4.02,0,4
2014/9/2 0:00,36,19,20,1011,cv,0.89,0,0
2014/9/2 8:00,21,19,20,1010,SE,1.79,0,8
2014/9/2 16:00,24,19,21,1010,NE,1.79,0,1
2014/9/3 0:00,10,16,18,1012,cv,0.45,0,0
2014/9/3 8:00,11,16,21,1012,NW,15.2,0,0
2014/9/3 16:00,11,11,30,1006,SE,4.92,0,0
2014/9/4 0:00,23,16,18,1006,NE,1.79,0,0
2014/9/4 8:00,81,16,22,1006,NW,6.26,0,0
2014/9/4 16:00,15,14,34,1003,SE,16.99,0,0
2014/9/5 0:00,60,17,22,1006,SE,8.05,0,0
2014/9/5 8:00,86,16,21,1011,NE,6.26,0,0
2014/9/5 16:00,75,19,29,1009,SE,20.57,0,0
2014/9/6 0:00,148,20,22,1012,NE,0.89,0,0
2014/9/6 8:00,139,20,22,1013,NE,0.89,0,0
2014/9/6 16:00,109,20,28,1009,SE,13.86,0,0
2014/9/7 0:00,162,19,24,1009,SE,35.77,0,0
2014/9/7 8:00,174,21,23,1009,SE,1.79,0,0
2014/9/7 16:00,100,18,29,1005,SE,19.67,0,0
2014/9/8 0:00,104,19,21,1009,NW,8.94,0,0
2014/9/8 8:00,3,8,23,1012,NW,13.41,0,0
2014/9/8 16:00,4,7,29,1008,SE,1.79,0,0
2014/9/9 0:00,30,13,17,1009,cv,3.56,0,0
2014/9/9 8:00,17,12,21,1011,NW,5.37,0,0
2014/9/9 16:00,44,13,29,1009,SE,6.26,0,0
2014/9/10 0:00,41,15,20,1012,SE,26.38,0,0
2014/9/10 8:00,108,15,21,1015,cv,1.78,0,0
2014/9/10 16:00,38,14,28,1013,SE,18.77,0,0
2014/9/11 0:00,82,15,21,1014,SE,3.58,0,0
2014/9/11 8:00,91,15,21,1015,cv,5.79,0,0
2014/9/11 16:00,92,18,25,1012,cv,0.89,0,0
2014/9/12 0:00,121,19,20,1014,NW,6.71,0,0
2014/9/12 8:00,54,18,20,1015,SE,0.89,0,0
2014/9/12 16:00,36,16,24,1014,SE,4.92,0,0
2014/9/13 0:00,52,18,20,1015,SE,0.89,0,0
2014/9/13 8:00,94,18,20,1016,cv,0.89,0,0
2014/9/13 16:00,47,13,27,1013,SE,27.72,0,0
2014/9/14 0:00,74,17,19,1014,cv,2.67,0,0
2014/9/14 8:00,79,16,20,1017,NW,8.04,0,0
2014/9/14 16:00,12,6,24,1017,NW,6.26,0,0
2014/9/15 0:00,42,12,14,1019,NW,0.89,0,0
2014/9/15 8:00,15,9,18,1020,NW,22.34,0,0
2014/9/15 16:00,6,-1,29,1016,NW,10.28,0,0
2014/9/16 0:00,30,8,14,1017,SE,1.79,0,0
2014/9/16 8:00,15,8,18,1019,NW,4.02,0,0
2014/9/16 16:00,90,13,20,1018,cv,0.89,0,0
2014/9/17 0:00,56,11,19,1019,SE,13.42,0,0
2014/9/17 8:00,22,10,18,1021,cv,0.89,0,0
2014/9/17 16:00,60,12,22,1019,SE,4.92,0,0
2014/9/18 0:00,56,13,13,1021,NE,0.89,0,0
2014/9/18 8:00,99,12,17,1022,NW,16.54,0,0
2014/9/18 16:00,34,6,28,1017,SE,8.05,0,0
2014/9/19 0:00,59,12,15,1016,SE,25.05,0,0
2014/9/19 8:00,110,13,16,1014,SE,1.79,0,0
2014/9/19 16:00,60,15,24,1009,SE,14.3,0,0
2014/9/20 0:00,144,16,18,1010,cv,0.89,0,0
2014/9/20 8:00,116,17,19,1011,NW,1.79,0,0
2014/9/20 16:00,95,14,27,1008,cv,2.68,0,0
2014/9/21 0:00,229,15,21,1014,SE,10.29,0,0
2014/9/21 8:00,59,14,19,1018,SE,1.79,0,0
2014/9/21 16:00,96,16,25,1016,SE,12.08,0,0
2014/9/22 0:00,75,16,21,1019,SE,33.1,0,0
2014/9/22 8:00,112,16,20,1019,cv,2.67,0,0
2014/9/22 16:00,124,17,21,1016,NE,11.63,0,0
2014/9/23 0:00,123,18,19,1018,NE,1.79,0,2
2014/9/23 8:00,63,17,18,1018,NW,15.65,0,10
2014/9/23 16:00,0,17,18,1016,cv,2.23,0,18
2014/9/24 0:00,50,16,17,1017,cv,0.89,0,2
2014/9/24 8:00,17,16,17,1017,NW,4.92,0,0
2014/9/24 16:00,10,13,26,1014,cv,1.79,0,0
2014/9/25 0:00,111,15,17,1017,SE,1.79,0,0
2014/9/25 8:00,105,17,17,1018,NE,0.89,0,0
2014/9/25 16:00,151,17,21,1015,SE,1.79,0,0
2014/9/26 0:00,60,16,19,1014,SE,9.84,0,0
2014/9/26 8:00,120,16,18,1012,SE,12.52,0,0
2014/9/26 16:00,193,17,20,1009,NE,3.13,0,0
2014/9/27 0:00,119,15,16,1013,NE,1.79,0,0
2014/9/27 8:00,28,12,18,1018,NW,8.5,0,0
2014/9/27 16:00,17,8,25,1015,SE,1.79,0,0
2014/9/28 0:00,77,13,16,1017,SE,0.89,0,0
2014/9/28 8:00,63,12,16,1018,NW,0.89,0,0
2014/9/28 16:00,45,15,22,1014,SE,15.65,0,0
2014/9/29 0:00,75,15,15,1014,NE,1.79,0,0
2014/9/29 8:00,97,15,18,1016,NE,1.79,0,0
2014/9/29 16:00,12,3,22,1020,NE,4.92,0,0
2014/9/30 0:00,26,4,12,1028,SE,17.89,0,0
2014/9/30 8:00,18,2,11,1029,cv,0.89,0,0
2014/9/30 16:00,23,0,15,1023,SE,3.13,0,0
2014/10/1 0:00,78,6,11,1021,SE,3.58,0,0
2014/10/1 8:00,62,8,12,1017,cv,3.56,0,0
2014/10/1 16:00,76,10,11,1014,NW,12.97,0,4
2014/10/2 0:00,82,11,11,1014,NW,4.92,0,0
2014/10/2 8:00,79,11,12,1013,NW,21.92,0,0
2014/10/2 16:00,21,13,20,1012,SE,1.79,0,0
2014/10/3 0:00,121,12,14,1016,cv,0.89,0,0
2014/10/3 8:00,57,11,14,1019,NW,4.47,0,0
2014/10/3 16:00,182,14,18,1016,SE,5.37,0,0
2014/10/4 0:00,130,13,15,1017,SE,4.92,0,3
2014/10/4 8:00,54,13,14,1019,SE,26.38,0,1
2014/10/4 16:00,100,14,16,1019,cv,0.89,0,1
2014/10/5 0:00,79,13,13,1023,cv,0.89,0,0
2014/10/5 8:00,50,9,15,1025,NW,4.92,0,0
2014/10/5 16:00,8,2,20,1024,NE,9.83,0,0
2014/10/6 0:00,39,5,7,1027,cv,1.78,0,0
2014/10/6 8:00,25,7,11,1027,NW,9.84,0,0
2014/10/6 16:00,22,0,20,1021,SE,14.3,0,0
2014/10/7 0:00,91,7,11,1021,SE,2.68,0,0
2014/10/7 8:00,75,8,11,1021,NW,1.79,0,0
2014/10/7 16:00,179,9,20,1018,SE,4.92,0,0
2014/10/8 0:00,301,11,12,1020,cv,2.23,0,0
2014/10/8 8:00,243,11,13,1020,NW,2.68,0,1
2014/10/8 16:00,364,14,20,1017,cv,0.89,0,0
2014/10/9 0:00,388,12,14,1019,NE,1.79,0,0
2014/10/9 8:00,342,13,13,1020,NW,0.89,0,0
2014/10/9 16:00,385,15,22,1018,cv,0.89,0,0
2014/10/10 0:00,430,13,14,1021,cv,2.23,0,0
2014/10/10 8:00,324,14,14,1024,cv,0.89,0,0
2014/10/10 16:00,261,15,22,1020,SE,9.84,0,0
2014/10/11 0:00,328,14,15,1021,SE,0.89,0,0
2014/10/11 8:00,202,15,15,1021,SE,3.58,0,0
2014/10/11 16:00,239,15,20,1021,NW,4.92,0,0
2014/10/12 0:00,8,7,16,1028,NW,55.42,0,1
2014/10/12 8:00,4,-2,15,1032,NW,20.12,0,0
2014/10/12 16:00,4,-1,16,1030,NW,13.86,0,0
2014/10/13 0:00,7,-3,8,1031,NW,42.03,0,0
2014/10/13 8:00,5,-2,11,1031,NW,5.81,0,0
2014/10/13 16:00,10,-8,17,1023,SE,1.79,0,0
2014/10/14 0:00,61,3,5,1023,cv,4.01,0,0
2014/10/14 8:00,22,1,8,1022,NW,4.92,0,0
2014/10/14 16:00,31,-1,21,1016,SE,15.19,0,0
2014/10/15 0:00,141,6,8,1015,cv,5.8,0,0
2014/10/15 8:00,95,6,11,1014,NW,1.79,0,0
2014/10/15 16:00,8,-11,22,1015,NW,67.49,0,0
2014/10/16 0:00,40,-1,7,1022,cv,1.78,0,0
2014/10/16 8:00,44,2,10,1025,cv,5.79,0,0
2014/10/16 16:00,36,-5,21,1018,SE,38.44,0,0
2014/10/17 0:00,85,3,8,1018,cv,0.89,0,0
2014/10/17 8:00,95,5,9,1017,NW,0.89,0,0
2014/10/17 16:00,103,4,23,1014,SE,10.28,0,0
2014/10/18 0:00,211,8,10,1017,NW,0.89,0,0
2014/10/18 8:00,111,7,11,1018,NW,8.5,0,0
2014/10/18 16:00,215,8,23,1015,SE,6.26,0,0
2014/10/19 0:00,406,11,14,1015,cv,2.23,0,0
2014/10/19 8:00,344,12,15,1015,SE,1.79,0,0
2014/10/19 16:00,161,12,20,1013,SE,20.12,0,0
2014/10/20 0:00,161,13,16,1016,SE,9.39,0,0
2014/10/20 8:00,203,12,13,1017,cv,0.89,0,0
2014/10/20 16:00,0,13,17,1018,SE,18.33,0,0
2014/10/21 0:00,61,7,14,1024,SE,12.52,0,0
2014/10/21 8:00,38,-2,13,1026,SE,28.16,0,0
2014/10/21 16:00,33,-3,15,1023,SE,7.15,0,0
2014/10/22 0:00,60,3,6,1025,cv,0.89,0,0
2014/10/22 8:00,84,3,9,1025,cv,4.01,0,0
2014/10/22 16:00,85,7,13,1020,SE,11.63,0,0
2014/10/23 0:00,126,8,12,1019,NE,0.89,0,0
2014/10/23 8:00,116,8,12,1017,NE,1.79,0,0
2014/10/23 16:00,149,8,16,1012,SE,3.58,0,0
2014/10/24 0:00,227,8,9,1012,NW,0.89,0,0
2014/10/24 8:00,185,8,10,1012,NW,12.53,0,0
2014/10/24 16:00,318,12,17,1009,SE,5.37,0,0
2014/10/25 0:00,381,10,11,1012,cv,0.9,0,0
2014/10/25 8:00,310,11,12,1012,NW,10.29,0,0
2014/10/25 16:00,402,13,19,1010,SE,7.16,0,0
2014/10/26 0:00,395,13,13,1014,NW,1.79,0,0
2014/10/26 8:00,14,-4,14,1025,NE,12.96,0,0
2014/10/26 16:00,10,-14,17,1026,NE,62.13,0,0
2014/10/27 0:00,10,-14,11,1031,NE,15.19,0,0
2014/10/27 8:00,23,-7,8,1034,cv,3.12,0,0
2014/10/27 16:00,33,-5,14,1030,SE,17.43,0,0
2014/10/28 0:00,50,1,5,1030,SE,1.79,0,0
2014/10/28 8:00,99,3,6,1029,NE,2.67,0,0
2014/10/28 16:00,51,2,14,1025,SE,1.79,0,0
2014/10/29 0:00,93,5,8,1025,NE,0.89,0,0
2014/10/29 8:00,102,5,8,1025,NW,7.15,0,0
2014/10/29 16:00,126,4,15,1023,SE,1.79,0,0
2014/10/30 0:00,215,7,11,1023,SE,1.78,0,1
2014/10/30 8:00,158,8,11,1024,cv,1.35,0,0
2014/10/30 16:00,182,6,15,1021,cv,0.89,0,0
2014/10/31 0:00,212,10,11,1022,NE,0.89,0,0
2014/10/31 8:00,225,10,12,1022,NE,1.78,0,0
2014/10/31 16:00,152,9,15,1019,SE,8.95,0,0
2014/11/1 0:00,180,10,13,1019,NW,1.79,0,0
2014/11/1 8:00,29,6,8,1020,cv,1.78,0,0
2014/11/1 16:00,9,-9,15,1018,NW,44.7,0,0
2014/11/2 0:00,10,-10,11,1022,NW,98.34,0,0
2014/11/2 8:00,8,-8,10,1025,NW,159.13,0,0
2014/11/2 16:00,10,-12,15,1022,NW,218.13,0,0
2014/11/3 0:00,17,-3,3,1022,cv,2.67,0,0
2014/11/3 8:00,28,-1,5,1023,SE,1.79,0,0
2014/11/3 16:00,10,-8,20,1018,SE,12.52,0,0
2014/11/4 0:00,61,0,4,1017,cv,5.34,0,0
2014/11/4 8:00,64,1,3,1017,NE,0.89,0,0
2014/11/4 16:00,153,0,15,1013,SE,4.02,0,0
2014/11/5 0:00,239,1,4,1016,NW,3.13,0,0
2014/11/5 8:00,136,2,5,1018,NW,8.5,0,0
2014/11/5 16:00,6,-8,20,1016,NW,37.1,0,0
2014/11/6 0:00,4,-7,7,1025,NW,4.02,0,0
2014/11/6 8:00,9,-6,8,1031,NE,18.78,0,0
2014/11/6 16:00,7,-17,12,1029,NE,59.01,0,0
2014/11/7 0:00,41,-3,2,1033,SE,1.78,0,0
2014/11/7 8:00,70,-4,1,1033,NE,0.89,0,0
2014/11/7 16:00,18,-4,9,1030,cv,0.89,0,0
2014/11/8 0:00,46,-1,1,1030,cv,0.89,0,0
2014/11/8 8:00,79,-2,3,1030,NW,10.73,0,0
2014/11/8 16:00,91,-2,12,1025,SE,7.6,0,0
2014/11/9 0:00,92,-2,0,1027,NW,1.79,0,0
2014/11/9 8:00,42,-4,3,1027,NW,16.54,0,0
2014/11/9 16:00,45,-5,15,1023,SE,9.39,0,0
2014/11/10 0:00,104,-1,2,1024,NE,1.78,0,0
2014/11/10 8:00,53,-4,5,1024,NW,12.53,0,0
2014/11/10 16:00,68,-6,15,1019,SE,11.18,0,0
2014/11/11 0:00,144,1,2,1019,cv,3.12,0,0
2014/11/11 8:00,9,-7,11,1018,NW,18.78,0,0
2014/11/11 16:00,11,-8,12,1018,NW,90.75,0,0
2014/11/12 0:00,9,-14,7,1023,NW,140.83,0,0
2014/11/12 8:00,4,-19,4,1026,NW,202.97,0,0
2014/11/12 16:00,3,-19,8,1025,NW,284.77,0,0
2014/11/13 0:00,12,-16,4,1028,NW,8.04,0,0
2014/11/13 8:00,21,-7,0,1026,NE,1.78,0,0
2014/11/13 16:00,35,-15,12,1022,NW,39.34,0,0
2014/11/14 0:00,43,-8,0,1024,NW,4.92,0,0
2014/11/14 8:00,40,-8,1,1027,NW,21.02,0,0
2014/11/14 16:00,21,-13,12,1026,SE,3.13,0,0
2014/11/15 0:00,138,-9,2,1028,NE,1.79,0,0
2014/11/15 8:00,52,-6,0,1029,NW,1.79,0,0
2014/11/15 16:00,227,-4,8,1026,NW,1.79,0,0
2014/11/16 0:00,273,-3,2,1026,cv,1.78,0,0
2014/11/16 8:00,266,-4,0,1026,NW,0.89,0,0
2014/11/16 16:00,19,-5,11,1025,NW,46.05,0,0
2014/11/17 0:00,12,-8,7,1030,NW,97,0,0
2014/11/17 8:00,17,-6,2,1033,NE,3.58,0,0
2014/11/17 16:00,13,-13,12,1029,NW,33.54,0,0
2014/11/18 0:00,81,-6,0,1030,NW,0.89,0,0
2014/11/18 8:00,40,-7,1,1031,NW,15.65,0,0
2014/11/18 16:00,59,-8,12,1027,SE,4.92,0,0
2014/11/19 0:00,221,-5,0,1027,NE,0.89,0,0
2014/11/19 8:00,198,-2,1,1025,cv,0.89,0,0
2014/11/19 16:00,370,-1,6,1020,SE,0.89,0,0
2014/11/20 0:00,393,0,1,1019,NW,0.89,0,0
2014/11/20 8:00,324,-1,-1,1017,cv,1.78,0,0
2014/11/20 16:00,315,0,8,1016,SE,8.94,0,0
2014/11/21 0:00,0,-2,-2,1020,NW,1.79,0,0
2014/11/21 8:00,0,-3,0,1020,cv,0.89,0,0
2014/11/21 16:00,33,-15,14,1019,NW,10.73,0,0
2014/11/22 0:00,17,-12,4,1025,NW,12.52,0,0
2014/11/22 8:00,29,-8,1,1028,NW,14.76,0,0
2014/11/22 16:00,38,-12,10,1025,SE,6.26,0,0
2014/11/23 0:00,107,0,4,1026,SE,23.26,0,0
2014/11/23 8:00,111,0,3,1026,NW,4.92,0,0
2014/11/23 16:00,149,1,8,1023,SE,3.58,0,0
2014/11/24 0:00,240,-2,-2,1027,NW,1.79,0,0
2014/11/24 8:00,42,-9,3,1028,NE,3.13,0,0
2014/11/24 16:00,31,-10,10,1025,SE,7.15,0,0
2014/11/25 0:00,90,-4,1,1026,NE,0.89,0,0
2014/11/25 8:00,146,-3,0,1023,NE,2.67,0,0
2014/11/25 16:00,189,1,8,1017,SE,8.94,0,0
2014/11/26 0:00,323,0,2,1016,SE,8.95,0,0
2014/11/26 8:00,215,-2,-2,1015,SE,1.78,0,0
2014/11/26 16:00,330,0,7,1016,SE,1.79,0,0
2014/11/27 0:00,470,1,2,1021,cv,3.12,0,0
2014/11/27 8:00,11,-17,6,1025,NW,12.07,0,0
2014/11/27 16:00,17,-16,7,1023,NE,17.88,0,0
2014/11/28 0:00,34,-8,4,1023,NW,4.02,0,0
2014/11/28 8:00,95,-7,1,1022,NW,20.12,0,0
2014/11/28 16:00,90,-4,9,1019,SE,9.39,0,0
2014/11/29 0:00,219,-2,0,1021,SE,28.61,0,0
2014/11/29 8:00,287,-1,1,1021,cv,1.78,0,0
2014/11/29 16:00,393,2,4,1019,NE,0.89,0,0
2014/11/30 0:00,242,2,4,1020,cv,0.89,0,0
2014/11/30 8:00,20,-3,6,1022,NW,21.91,0,0
2014/11/30 16:00,19,-26,4,1024,NW,101.04,0,0
2014/12/1 0:00,48,-25,-4,1030,NW,190.45,0,0
2014/12/1 8:00,12,-22,-5,1032,NW,269.12,0,0
2014/12/1 16:00,9,-24,-1,1032,NW,351.38,0,0
2014/12/2 0:00,15,-20,-8,1033,NW,390.27,0,0
2014/12/2 8:00,11,-21,-7,1030,NW,4.92,0,0
2014/12/2 16:00,67,-18,-1,1024,SE,5.81,0,0
2014/12/3 0:00,123,-18,-7,1025,NW,4.92,0,0
2014/12/3 8:00,13,-23,-4,1028,NW,25.92,0,0
2014/12/3 16:00,11,-24,1,1025,NW,82.69,0,0
2014/12/4 0:00,11,-23,-3,1029,NW,125.61,0,0
2014/12/4 8:00,6,-21,-3,1028,NW,8.94,0,0
2014/12/4 16:00,8,-24,1,1026,NW,70.18,0,0
2014/12/5 0:00,6,-22,-3,1029,NW,33.52,0,0
2014/12/5 8:00,25,-19,-5,1029,NW,5.81,0,0
2014/12/5 16:00,11,-21,2,1025,SE,1.79,0,0
2014/12/6 0:00,140,-15,-7,1026,cv,0.45,0,0
2014/12/6 8:00,44,-15,-6,1027,NW,6.26,0,0
2014/12/6 16:00,71,-18,2,1025,SE,5.37,0,0
2014/12/7 0:00,102,-13,-1,1027,cv,1.78,0,0
2014/12/7 8:00,72,-5,-2,1026,SE,3.58,0,0
2014/12/7 16:00,21,-17,4,1026,NW,43.36,0,0
2014/12/8 0:00,18,-15,-4,1032,NW,83.15,0,0
2014/12/8 8:00,21,-13,-4,1034,cv,0.89,0,0
2014/12/8 16:00,0,-13,3,1033,cv,1.79,0,0
2014/12/9 0:00,180,-11,-4,1037,SE,1.79,0,0
2014/12/9 8:00,0,-9,-6,1036,SE,0.89,0,0
2014/12/9 16:00,375,-8,0,1031,cv,1.78,0,0
2014/12/10 0:00,311,-6,-1,1029,cv,0.89,1,0
2014/12/10 8:00,325,-5,-4,1027,NW,3.13,0,0
2014/12/10 16:00,21,-18,4,1027,NW,61.68,0,0
2014/12/11 0:00,18,-16,-1,1033,NW,124.27,0,0
2014/12/11 8:00,11,-16,-6,1034,NW,173.89,0,0
2014/12/11 16:00,29,-19,4,1028,SE,4.02,0,0
2014/12/12 0:00,8,-17,-1,1030,NW,34.87,0,0
2014/12/12 8:00,8,-18,-2,1029,NW,74.2,0,0
2014/12/12 16:00,12,-21,3,1026,NW,131.86,0,0
2014/12/13 0:00,12,-16,-7,1029,cv,2.67,0,0
2014/12/13 8:00,33,-15,-9,1029,NE,3.13,0,0
2014/12/13 16:00,44,-19,4,1026,SE,8.04,0,0
2014/12/14 0:00,126,-13,-7,1027,cv,2.67,0,0
2014/12/14 8:00,71,-13,-7,1028,NW,15.21,0,0
2014/12/14 16:00,50,-19,5,1024,SE,3.58,0,0
2014/12/15 0:00,167,-11,0,1026,cv,0.89,0,0
2014/12/15 8:00,24,-16,1,1027,NW,18.77,0,0
2014/12/15 16:00,13,-22,0,1029,NW,105.94,0,0
2014/12/16 0:00,6,-21,-5,1034,NW,179.71,0,0
2014/12/16 8:00,8,-18,-4,1032,NW,215.46,0,0
2014/12/16 16:00,8,-20,-1,1030,NW,286.08,0,0
2014/12/17 0:00,9,-17,-3,1030,NW,318.26,0,0
2014/12/17 8:00,80,-16,-9,1029,cv,1.78,0,0
2014/12/17 16:00,65,-16,4,1027,SE,9.39,0,0
2014/12/18 0:00,180,-13,-6,1030,NE,1.79,0,0
2014/12/18 8:00,135,-13,-7,1031,NW,13.86,0,0
2014/12/18 16:00,166,-7,1,1026,SE,7.16,0,0
2014/12/19 0:00,274,-7,-5,1024,NW,0.89,0,0
2014/12/19 8:00,22,-15,1,1023,NW,30.4,0,0
2014/12/19 16:00,7,-19,3,1025,NW,110.87,0,0
2014/12/20 0:00,9,-18,-3,1031,NW,183.72,0,0
2014/12/20 8:00,0,-18,-4,1031,NW,225.3,0,0
2014/12/20 16:00,0,-21,1,1028,NW,270,0,0
2014/12/21 0:00,4,-20,-3,1032,NW,321.84,0,0
2014/12/21 8:00,9,-19,-5,1030,NW,372.35,0,0
2014/12/21 16:00,13,-17,2,1024,NW,433.14,0,0
2014/12/22 0:00,53,-16,-4,1023,cv,1.78,0,0
2014/12/22 8:00,126,-13,-8,1025,NE,3.58,0,0
2014/12/22 16:00,63,-14,8,1022,SE,10.28,0,0
2014/12/23 0:00,142,-12,-5,1022,NE,0.89,0,0
2014/12/23 8:00,82,-12,-6,1021,NW,12.52,0,0
2014/12/23 16:00,57,-16,8,1019,NW,31.75,0,0
2014/12/24 0:00,13,-15,2,1025,cv,0.89,0,0
2014/12/24 8:00,11,-13,-2,1033,NW,29.05,0,0
2014/12/24 16:00,16,-15,5,1032,NW,30.84,0,0
2014/12/25 0:00,20,-14,2,1033,NW,75.55,0,0
2014/12/25 8:00,18,-13,-3,1034,NE,6.71,0,0
2014/12/25 16:00,18,-14,5,1031,SE,1.79,0,0
2014/12/26 0:00,93,-11,-3,1033,SE,4.47,0,0
2014/12/26 8:00,119,-11,-6,1033,cv,0.45,0,0
2014/12/26 16:00,198,-9,2,1030,cv,4.45,0,0
2014/12/27 0:00,163,-10,-5,1030,NW,1.79,0,0
2014/12/27 8:00,259,-11,-7,1029,NW,16.55,0,0
2014/12/27 16:00,224,-9,5,1025,SE,6.26,0,0
2014/12/28 0:00,385,-9,-6,1025,cv,6.69,0,0
2014/12/28 8:00,160,-9,-4,1022,NE,1.79,0,0
2014/12/28 16:00,45,-13,8,1018,NW,25.92,0,0
2014/12/29 0:00,362,-10,-4,1016,cv,4.01,0,0
2014/12/29 8:00,124,-12,-6,1014,cv,0.89,0,0
2014/12/29 16:00,20,-15,11,1011,NW,32.63,0,0
2014/12/30 0:00,189,-12,-2,1016,cv,0.89,0,0
2014/12/30 8:00,17,-15,0,1019,cv,1.78,0,0
2014/12/30 16:00,60,-14,6,1018,cv,0.89,0,0
2014/12/31 0:00,10,-19,-1,1027,NW,51.84,0,0
2014/12/31 8:00,8,-22,-5,1034,NW,150.18,0,0
2014/12/31 16:00,8,-23,0,1032,NW,214.09,0,0
